,0,1,2,3,4,5,6,7,8,9
0,-0.0,-0.0,-0.0,-0.0,-0.0,-0.0,-0.0,-0.0,-0.0,-0.0
1,-0.07142857142857151,-0.031598090475107976,-1.0,-1.0,-0.0,-0.0,-0.0,-0.0,-0.0,-1.0
2,-0.28571428571428575,-0.012957490338713344,-1.0,-0.0,-0.0,-0.0,-0.0,-0.0,-0.0,-1.0
3,-0.3571428571428572,-0.2582405092066379,-1.0,-0.0,-1.0,-0.0,-0.0,-0.0,-0.0,-1.0
4,-0.1428571428571428,-0.11275289838599682,-1.0,-1.0,-0.0,-0.0,-0.0,-0.0,-0.0,-1.0
5,-0.5,-0.0,-1.0,-0.0,-0.0,-1.0,-0.0,-0.0,-0.0,-0.0
6,-0.1428571428571429,-0.01818595135258013,-1.0,-0.0,-0.0,-0.0,-0.0,-0.0,-0.0,-1.0
7,-0.07142857142857151,-0.0006819731757217555,-1.0,-0.0,-1.0,-0.0,-0.0,-0.0,-0.0,-1.0
8,-0.1428571428571428,-0.004773812230052283,-1.0,-0.0,-0.0,-1.0,-0.0,-0.0,-0.0,-1.0
9,-0.3571428571428571,-0.0036371902705160265,-1.0,-0.0,-0.0,-0.0,-1.0,-0.0,-0.0,-1.0
10,-0.6428571428571429,-0.014321436690156853,-1.0,-0.0,-1.0,-0.0,-0.0,-0.0,-0.0,-1.0
11,-0.07142857142857151,-0.08428322454237434,-1.0,-0.0,-1.0,-0.0,-0.0,-0.0,-0.0,-0.0
12,-0.21428571428571436,-0.0559218004091839,-1.0,-0.0,-0.0,-0.0,-0.0,-0.0,-0.0,-1.0
13,-0.1428571428571429,-0.08428322454237434,-1.0,-0.0,-1.0,-0.0,-0.0,-0.0,-0.0,-0.0
14,-0.21428571428571436,-0.012275517162991589,-1.0,-0.0,-0.0,-0.0,-0.0,-0.0,-0.0,-1.0
15,-0.21428571428571436,-0.006137758581495794,-1.0,-0.0,-0.0,-1.0,-0.0,-0.0,-0.0,-0.0
16,-0.0,-0.0027278927028870185,-1.0,-0.0,-0.0,-0.0,-0.0,-0.0,-0.0,-1.0
17,-0.5714285714285715,-0.0015912707433507617,-1.0,-1.0,-0.0,-0.0,-0.0,-0.0,-0.0,-1.0
18,-0.1428571428571429,-0.025687656285519438,-1.0,-0.0,-0.0,-0.0,-0.0,-1.0,-0.0,-1.0
19,-0.2142857142857142,-0.04273698567856331,-1.0,-0.0,-1.0,-0.0,-0.0,-0.0,-0.0,-1.0
20,-0.4285714285714286,-0.2582405092066379,-1.0,-0.0,-1.0,-0.0,-0.0,-0.0,-0.0,-1.0
21,-0.2142857142857142,-0.9856785633098432,-1.0,-1.0,-0.0,-0.0,-0.0,-0.0,-0.0,-1.0
22,-0.1428571428571428,-0.02909752216412821,-1.0,-0.0,-0.0,-0.0,-0.0,-0.0,-1.0,-1.0
23,-0.07142857142857151,-0.031598090475107976,-1.0,-1.0,-0.0,-0.0,-0.0,-0.0,-0.0,-1.0
24,-0.0,-0.0,-0.0,-0.0,-0.0,-0.0,-0.0,-0.0,-0.0,-0.0
25,-0.21428571428571425,-0.04455558081382132,-0.0,-1.0,-0.0,-0.0,-0.0,-0.0,-0.0,-0.0
26,-0.2857142857142857,-0.2266424187315299,-0.0,-1.0,-1.0,-0.0,-0.0,-0.0,-0.0,-0.0
27,-0.2142857142857143,-0.08115480791088885,-0.0,-0.0,-0.0,-0.0,-0.0,-0.0,-0.0,-0.0
28,-0.42857142857142855,-0.031598090475107976,-0.0,-1.0,-0.0,-1.0,-0.0,-0.0,-0.0,-1.0
29,-0.0714285714285714,-0.013412139122527846,-0.0,-1.0,-0.0,-0.0,-0.0,-0.0,-0.0,-0.0
30,-0.0,-0.030916117299386224,-0.0,-1.0,-1.0,-0.0,-0.0,-0.0,-0.0,-0.0
31,-0.2142857142857143,-0.026824278245055694,-0.0,-1.0,-0.0,-1.0,-0.0,-0.0,-0.0,-0.0
32,-0.4285714285714286,-0.035235280745624,-0.0,-1.0,-0.0,-0.0,-1.0,-0.0,-0.0,-0.0
33,-0.5714285714285714,-0.04591952716526483,-0.0,-1.0,-1.0,-0.0,-0.0,-0.0,-0.0,-0.0
34,-0.0,-0.05268513406726637,-0.0,-1.0,-1.0,-0.0,-0.0,-0.0,-0.0,-1.0
35,-0.14285714285714285,-0.024323709934075927,-0.0,-1.0,-0.0,-0.0,-0.0,-0.0,-0.0,-0.0
36,-0.0714285714285714,-0.05268513406726637,-0.0,-1.0,-1.0,-0.0,-0.0,-0.0,-0.0,-1.0
37,-0.14285714285714285,-0.04387360763809957,-0.0,-1.0,-0.0,-0.0,-0.0,-0.0,-0.0,-0.0
38,-0.14285714285714285,-0.03773584905660377,-0.0,-1.0,-0.0,-1.0,-0.0,-0.0,-0.0,-1.0
39,-0.07142857142857151,-0.034325983177995,-0.0,-1.0,-0.0,-0.0,-0.0,-0.0,-0.0,-0.0
40,-0.5,-0.03318936121845874,-0.0,-0.0,-0.0,-0.0,-0.0,-0.0,-0.0,-0.0
41,-0.0714285714285714,-0.0059104341895885384,-0.0,-1.0,-0.0,-0.0,-0.0,-1.0,-0.0,-0.0
42,-0.2857142857142857,-0.011138895203455332,-0.0,-1.0,-1.0,-0.0,-0.0,-0.0,-0.0,-0.0
43,-0.3571428571428571,-0.2266424187315299,-0.0,-1.0,-1.0,-0.0,-0.0,-0.0,-0.0,-0.0
44,-0.2857142857142857,-0.9540804728347352,-0.0,-0.0,-0.0,-0.0,-0.0,-0.0,-0.0,-0.0
45,-0.2142857142857143,-0.0025005683109797644,-0.0,-1.0,-0.0,-0.0,-0.0,-0.0,-1.0,-0.0
46,-0.28571428571428575,-0.012957490338713344,-1.0,-0.0,-0.0,-0.0,-0.0,-0.0,-0.0,-1.0
47,-0.21428571428571425,-0.04455558081382132,-0.0,-1.0,-0.0,-0.0,-0.0,-0.0,-0.0,-0.0
48,-0.0,-0.0,-0.0,-0.0,-0.0,-0.0,-0.0,-0.0,-0.0,-0.0
49,-0.07142857142857145,-0.27119799954535123,-0.0,-0.0,-1.0,-0.0,-0.0,-0.0,-0.0,-0.0
50,-0.42857142857142855,-0.12571038872471016,-0.0,-1.0,-0.0,-0.0,-0.0,-0.0,-0.0,-0.0
51,-0.2142857142857143,-0.012957490338713344,-0.0,-0.0,-0.0,-1.0,-0.0,-0.0,-0.0,-1.0
52,-0.14285714285714285,-0.031143441691293475,-0.0,-0.0,-0.0,-0.0,-0.0,-0.0,-0.0,-0.0
53,-0.21428571428571425,-0.0136394635144351,-0.0,-0.0,-1.0,-0.0,-0.0,-0.0,-0.0,-0.0
54,-0.42857142857142855,-0.017731302568765626,-0.0,-0.0,-0.0,-1.0,-0.0,-0.0,-0.0,-0.0
55,-0.6428571428571428,-0.009320300068197318,-0.0,-0.0,-0.0,-0.0,-1.0,-0.0,-0.0,-0.0
56,-0.35714285714285715,-0.00136394635144351,-0.0,-0.0,-1.0,-0.0,-0.0,-0.0,-0.0,-0.0
57,-0.21428571428571425,-0.0972407148810877,-0.0,-0.0,-1.0,-0.0,-0.0,-0.0,-0.0,-1.0
58,-0.0714285714285714,-0.06887929074789725,-0.0,-0.0,-0.0,-0.0,-0.0,-0.0,-0.0,-0.0
59,-0.14285714285714285,-0.0972407148810877,-0.0,-0.0,-1.0,-0.0,-0.0,-0.0,-0.0,-1.0
60,-0.0714285714285714,-0.0006819731757217549,-0.0,-0.0,-0.0,-0.0,-0.0,-0.0,-0.0,-0.0
61,-0.0714285714285714,-0.006819731757217549,-0.0,-0.0,-0.0,-1.0,-0.0,-0.0,-0.0,-1.0
62,-0.28571428571428575,-0.010229597635826326,-0.0,-0.0,-0.0,-0.0,-0.0,-0.0,-0.0,-0.0
63,-0.2857142857142857,-0.011366219595362582,-0.0,-1.0,-0.0,-0.0,-0.0,-0.0,-0.0,-0.0
64,-0.14285714285714285,-0.03864514662423278,-0.0,-0.0,-0.0,-0.0,-0.0,-1.0,-0.0,-0.0
65,-0.49999999999999994,-0.05569447601727665,-0.0,-0.0,-1.0,-0.0,-0.0,-0.0,-0.0,-0.0
66,-0.14285714285714288,-0.27119799954535123,-0.0,-0.0,-1.0,-0.0,-0.0,-0.0,-0.0,-0.0
67,-0.49999999999999994,-0.9986360536485565,-0.0,-1.0,-0.0,-0.0,-0.0,-0.0,-0.0,-0.0
68,-0.42857142857142855,-0.042055012502841556,-0.0,-0.0,-0.0,-0.0,-0.0,-0.0,-1.0,-0.0
69,-0.3571428571428572,-0.2582405092066379,-1.0,-0.0,-1.0,-0.0,-0.0,-0.0,-0.0,-1.0
70,-0.2857142857142857,-0.2266424187315299,-0.0,-1.0,-1.0,-0.0,-0.0,-0.0,-0.0,-0.0
71,-0.07142857142857145,-0.27119799954535123,-0.0,-0.0,-1.0,-0.0,-0.0,-0.0,-0.0,-0.0
72,-0.0,-0.0,-0.0,-0.0,-0.0,-0.0,-0.0,-0.0,-0.0,-0.0
73,-0.5,-0.14548761082064104,-0.0,-1.0,-1.0,-0.0,-0.0,-0.0,-0.0,-0.0
74,-0.14285714285714285,-0.2582405092066379,-0.0,-0.0,-1.0,-1.0,-0.0,-0.0,-0.0,-1.0
75,-0.2142857142857143,-0.24005455785405774,-0.0,-0.0,-1.0,-0.0,-0.0,-0.0,-0.0,-0.0
76,-0.2857142857142857,-0.2575585360309161,-0.0,-0.0,-0.0,-0.0,-0.0,-0.0,-0.0,-0.0
77,-0.5,-0.2534666969765856,-0.0,-0.0,-1.0,-1.0,-0.0,-0.0,-0.0,-0.0
78,-0.7142857142857143,-0.2618776994771539,-0.0,-0.0,-1.0,-0.0,-1.0,-0.0,-0.0,-0.0
79,-0.2857142857142857,-0.2725619458967947,-0.0,-0.0,-0.0,-0.0,-0.0,-0.0,-0.0,-0.0
80,-0.2857142857142857,-0.17395728466426352,-0.0,-0.0,-0.0,-0.0,-0.0,-0.0,-0.0,-1.0
81,-0.14285714285714285,-0.20231870879745395,-0.0,-0.0,-1.0,-0.0,-0.0,-0.0,-0.0,-0.0
82,-0.2142857142857143,-0.17395728466426352,-0.0,-0.0,-0.0,-0.0,-0.0,-0.0,-0.0,-1.0
83,-0.14285714285714285,-0.27051602636962946,-0.0,-0.0,-1.0,-0.0,-0.0,-0.0,-0.0,-0.0
84,-0.14285714285714285,-0.26437826778813367,-0.0,-0.0,-1.0,-1.0,-0.0,-0.0,-0.0,-1.0
85,-0.3571428571428572,-0.26096840190952486,-0.0,-0.0,-1.0,-0.0,-0.0,-0.0,-0.0,-0.0
86,-0.21428571428571427,-0.25983177994998863,-0.0,-1.0,-1.0,-0.0,-0.0,-0.0,-0.0,-0.0
87,-0.2142857142857143,-0.23255285292111844,-0.0,-0.0,-1.0,-0.0,-0.0,-1.0,-0.0,-0.0
88,-0.5714285714285714,-0.21550352352807456,-0.0,-0.0,-0.0,-0.0,-0.0,-0.0,-0.0,-0.0
89,-0.07142857142857142,-0.0,-0.0,-0.0,-0.0,-0.0,-0.0,-0.0,-0.0,-0.0
90,-0.5714285714285714,-0.7274380541032053,-0.0,-1.0,-1.0,-0.0,-0.0,-0.0,-0.0,-0.0
91,-0.5,-0.22914298704250965,-0.0,-0.0,-1.0,-0.0,-0.0,-0.0,-1.0,-0.0
92,-0.1428571428571428,-0.11275289838599682,-1.0,-1.0,-0.0,-0.0,-0.0,-0.0,-0.0,-1.0
93,-0.2142857142857143,-0.08115480791088885,-0.0,-0.0,-0.0,-0.0,-0.0,-0.0,-0.0,-0.0
94,-0.42857142857142855,-0.12571038872471016,-0.0,-1.0,-0.0,-0.0,-0.0,-0.0,-0.0,-0.0
95,-0.5,-0.14548761082064104,-0.0,-1.0,-1.0,-0.0,-0.0,-0.0,-0.0,-0.0
96,-0.0,-0.0,-0.0,-0.0,-0.0,-0.0,-0.0,-0.0,-0.0,-0.0
97,-0.6428571428571428,-0.11275289838599682,-0.0,-1.0,-0.0,-1.0,-0.0,-0.0,-0.0,-1.0
98,-0.2857142857142857,-0.0945669470334167,-0.0,-1.0,-0.0,-0.0,-0.0,-0.0,-0.0,-0.0
99,-0.2142857142857143,-0.11207092521027506,-0.0,-1.0,-1.0,-0.0,-0.0,-0.0,-0.0,-0.0
100,-0.0,-0.10797908615594454,-0.0,-1.0,-0.0,-1.0,-0.0,-0.0,-0.0,-0.0
101,-0.2142857142857143,-0.11639008865651285,-0.0,-1.0,-0.0,-0.0,-1.0,-0.0,-0.0,-0.0
102,-0.7857142857142857,-0.12707433507615368,-0.0,-1.0,-1.0,-0.0,-0.0,-0.0,-0.0,-0.0
103,-0.2142857142857143,-0.02846967384362248,-0.0,-1.0,-1.0,-0.0,-0.0,-0.0,-0.0,-1.0
104,-0.35714285714285715,-0.05683109797681292,-0.0,-1.0,-0.0,-0.0,-0.0,-0.0,-0.0,-0.0
105,-0.2857142857142857,-0.02846967384362248,-0.0,-1.0,-1.0,-0.0,-0.0,-0.0,-0.0,-1.0
106,-0.35714285714285715,-0.12502841554898841,-0.0,-1.0,-0.0,-0.0,-0.0,-0.0,-0.0,-0.0
107,-0.35714285714285715,-0.11889065696749263,-0.0,-1.0,-0.0,-1.0,-0.0,-0.0,-0.0,-1.0
108,-0.1428571428571428,-0.11548079108888384,-0.0,-1.0,-0.0,-0.0,-0.0,-0.0,-0.0,-0.0
109,-0.7142857142857143,-0.11434416912934758,-0.0,-0.0,-0.0,-0.0,-0.0,-0.0,-0.0,-0.0
110,-0.2857142857142857,-0.08706524210047739,-0.0,-1.0,-0.0,-0.0,-0.0,-1.0,-0.0,-0.0
111,-0.0714285714285714,-0.07001591270743351,-0.0,-1.0,-1.0,-0.0,-0.0,-0.0,-0.0,-0.0
112,-0.5714285714285714,-0.14548761082064104,-0.0,-1.0,-1.0,-0.0,-0.0,-0.0,-0.0,-0.0
113,-0.0714285714285714,-0.8729256649238464,-0.0,-0.0,-0.0,-0.0,-0.0,-0.0,-0.0,-0.0
114,-0.0,-0.08365537622186861,-0.0,-1.0,-0.0,-0.0,-0.0,-0.0,-1.0,-0.0
115,-0.5,-0.0,-1.0,-0.0,-0.0,-1.0,-0.0,-0.0,-0.0,-0.0
116,-0.42857142857142855,-0.031598090475107976,-0.0,-1.0,-0.0,-1.0,-0.0,-0.0,-0.0,-1.0
117,-0.2142857142857143,-0.012957490338713344,-0.0,-0.0,-0.0,-1.0,-0.0,-0.0,-0.0,-1.0
118,-0.14285714285714285,-0.2582405092066379,-0.0,-0.0,-1.0,-1.0,-0.0,-0.0,-0.0,-1.0
119,-0.6428571428571428,-0.11275289838599682,-0.0,-1.0,-0.0,-1.0,-0.0,-0.0,-0.0,-1.0
120,-0.0,-0.0,-0.0,-0.0,-0.0,-0.0,-0.0,-0.0,-0.0,-0.0
121,-0.35714285714285715,-0.01818595135258013,-0.0,-0.0,-0.0,-1.0,-0.0,-0.0,-0.0,-1.0
122,-0.42857142857142855,-0.0006819731757217555,-0.0,-0.0,-1.0,-1.0,-0.0,-0.0,-0.0,-1.0
123,-0.6428571428571428,-0.004773812230052283,-0.0,-0.0,-0.0,-0.0,-0.0,-0.0,-0.0,-1.0
124,-0.8571428571428572,-0.0036371902705160265,-0.0,-0.0,-0.0,-1.0,-1.0,-0.0,-0.0,-1.0
125,-0.14285714285714285,-0.014321436690156853,-0.0,-0.0,-1.0,-1.0,-0.0,-0.0,-0.0,-1.0
126,-0.42857142857142855,-0.08428322454237434,-0.0,-0.0,-1.0,-1.0,-0.0,-0.0,-0.0,-0.0
127,-0.2857142857142857,-0.0559218004091839,-0.0,-0.0,-0.0,-1.0,-0.0,-0.0,-0.0,-1.0
128,-0.35714285714285715,-0.08428322454237434,-0.0,-0.0,-1.0,-1.0,-0.0,-0.0,-0.0,-0.0
129,-0.2857142857142857,-0.012275517162991589,-0.0,-0.0,-0.0,-1.0,-0.0,-0.0,-0.0,-1.0
130,-0.2857142857142857,-0.006137758581495794,-0.0,-0.0,-0.0,-0.0,-0.0,-0.0,-0.0,-0.0
131,-0.5,-0.0027278927028870185,-0.0,-0.0,-0.0,-1.0,-0.0,-0.0,-0.0,-1.0
132,-0.07142857142857142,-0.0015912707433507617,-0.0,-1.0,-0.0,-1.0,-0.0,-0.0,-0.0,-1.0
133,-0.35714285714285715,-0.025687656285519438,-0.0,-0.0,-0.0,-1.0,-0.0,-1.0,-0.0,-1.0
134,-0.7142857142857142,-0.04273698567856331,-0.0,-0.0,-1.0,-1.0,-0.0,-0.0,-0.0,-1.0
135,-0.07142857142857142,-0.2582405092066379,-0.0,-0.0,-1.0,-1.0,-0.0,-0.0,-0.0,-1.0
136,-0.7142857142857142,-0.9856785633098432,-0.0,-1.0,-0.0,-1.0,-0.0,-0.0,-0.0,-1.0
137,-0.6428571428571428,-0.02909752216412821,-0.0,-0.0,-0.0,-1.0,-0.0,-0.0,-1.0,-1.0
138,-0.1428571428571429,-0.01818595135258013,-1.0,-0.0,-0.0,-0.0,-0.0,-0.0,-0.0,-1.0
139,-0.0714285714285714,-0.013412139122527846,-0.0,-1.0,-0.0,-0.0,-0.0,-0.0,-0.0,-0.0
140,-0.14285714285714285,-0.031143441691293475,-0.0,-0.0,-0.0,-0.0,-0.0,-0.0,-0.0,-0.0
141,-0.2142857142857143,-0.24005455785405774,-0.0,-0.0,-1.0,-0.0,-0.0,-0.0,-0.0,-0.0
142,-0.2857142857142857,-0.0945669470334167,-0.0,-1.0,-0.0,-0.0,-0.0,-0.0,-0.0,-0.0
143,-0.35714285714285715,-0.01818595135258013,-0.0,-0.0,-0.0,-1.0,-0.0,-0.0,-0.0,-1.0
144,-0.0,-0.0,-0.0,-0.0,-0.0,-0.0,-0.0,-0.0,-0.0,-0.0
145,-0.0714285714285714,-0.01750397817685838,-0.0,-0.0,-1.0,-0.0,-0.0,-0.0,-0.0,-0.0
146,-0.2857142857142857,-0.013412139122527849,-0.0,-0.0,-0.0,-1.0,-0.0,-0.0,-0.0,-0.0
147,-0.5,-0.02182314162309616,-0.0,-0.0,-0.0,-0.0,-1.0,-0.0,-0.0,-0.0
148,-0.5,-0.032507388042736986,-0.0,-0.0,-1.0,-0.0,-0.0,-0.0,-0.0,-0.0
149,-0.0714285714285714,-0.06609727318979422,-0.0,-0.0,-1.0,-0.0,-0.0,-0.0,-0.0,-1.0
150,-0.07142857142857145,-0.03773584905660377,-0.0,-0.0,-0.0,-0.0,-0.0,-0.0,-0.0,-0.0
151,-0.0,-0.06609727318979422,-0.0,-0.0,-1.0,-0.0,-0.0,-0.0,-0.0,-1.0
152,-0.07142857142857145,-0.030461468515571723,-0.0,-0.0,-0.0,-0.0,-0.0,-0.0,-0.0,-0.0
153,-0.07142857142857145,-0.024323709934075927,-0.0,-0.0,-0.0,-1.0,-0.0,-0.0,-0.0,-1.0
154,-0.1428571428571429,-0.020913844055467153,-0.0,-0.0,-0.0,-0.0,-0.0,-0.0,-0.0,-0.0
155,-0.4285714285714286,-0.019777222095930892,-0.0,-1.0,-0.0,-0.0,-0.0,-0.0,-0.0,-0.0
156,-0.0,-0.007501704932939307,-0.0,-0.0,-0.0,-0.0,-0.0,-1.0,-0.0,-0.0
157,-0.3571428571428571,-0.024551034325983177,-0.0,-0.0,-1.0,-0.0,-0.0,-0.0,-0.0,-0.0
158,-0.2857142857142857,-0.24005455785405774,-0.0,-0.0,-1.0,-0.0,-0.0,-0.0,-0.0,-0.0
159,-0.3571428571428571,-0.967492611957263,-0.0,-1.0,-0.0,-0.0,-0.0,-0.0,-0.0,-0.0
160,-0.2857142857142857,-0.010911570811548081,-0.0,-0.0,-0.0,-0.0,-0.0,-0.0,-1.0,-0.0
161,-0.07142857142857151,-0.0006819731757217555,-1.0,-0.0,-1.0,-0.0,-0.0,-0.0,-0.0,-1.0
162,-0.0,-0.030916117299386224,-0.0,-1.0,-1.0,-0.0,-0.0,-0.0,-0.0,-0.0
163,-0.21428571428571425,-0.0136394635144351,-0.0,-0.0,-1.0,-0.0,-0.0,-0.0,-0.0,-0.0
164,-0.2857142857142857,-0.2575585360309161,-0.0,-0.0,-0.0,-0.0,-0.0,-0.0,-0.0,-0.0
165,-0.2142857142857143,-0.11207092521027506,-0.0,-1.0,-1.0,-0.0,-0.0,-0.0,-0.0,-0.0
166,-0.42857142857142855,-0.0006819731757217555,-0.0,-0.0,-1.0,-1.0,-0.0,-0.0,-0.0,-1.0
167,-0.0714285714285714,-0.01750397817685838,-0.0,-0.0,-1.0,-0.0,-0.0,-0.0,-0.0,-0.0
168,-0.0,-0.0,-0.0,-0.0,-0.0,-0.0,-0.0,-0.0,-0.0,-0.0
169,-0.2142857142857143,-0.004091839054330528,-0.0,-0.0,-1.0,-1.0,-0.0,-0.0,-0.0,-0.0
170,-0.4285714285714286,-0.004319163446237782,-0.0,-0.0,-1.0,-0.0,-1.0,-0.0,-0.0,-0.0
171,-0.5714285714285714,-0.015003409865878609,-0.0,-0.0,-0.0,-0.0,-0.0,-0.0,-0.0,-0.0
172,-0.0,-0.08360125136665258,-0.0,-0.0,-0.0,-0.0,-0.0,-0.0,-0.0,-1.0
173,-0.14285714285714285,-0.05523982723346215,-0.0,-0.0,-1.0,-0.0,-0.0,-0.0,-0.0,-0.0
174,-0.0714285714285714,-0.08360125136665258,-0.0,-0.0,-0.0,-0.0,-0.0,-0.0,-0.0,-1.0
175,-0.14285714285714285,-0.012957490338713344,-0.0,-0.0,-1.0,-0.0,-0.0,-0.0,-0.0,-0.0
176,-0.14285714285714285,-0.00681973175721755,-0.0,-0.0,-1.0,-1.0,-0.0,-0.0,-0.0,-1.0
177,-0.07142857142857151,-0.003409865878608774,-0.0,-0.0,-1.0,-0.0,-0.0,-0.0,-0.0,-0.0
178,-0.5,-0.002273243919072517,-0.0,-1.0,-1.0,-0.0,-0.0,-0.0,-0.0,-0.0
179,-0.0714285714285714,-0.025005683109797686,-0.0,-0.0,-1.0,-0.0,-0.0,-1.0,-0.0,-0.0
180,-0.2857142857142857,-0.042055012502841556,-0.0,-0.0,-0.0,-0.0,-0.0,-0.0,-0.0,-0.0
181,-0.3571428571428571,-0.2575585360309161,-0.0,-0.0,-0.0,-0.0,-0.0,-0.0,-0.0,-0.0
182,-0.2857142857142857,-0.9849965901341214,-0.0,-1.0,-1.0,-0.0,-0.0,-0.0,-0.0,-0.0
183,-0.2142857142857143,-0.02841554898840646,-0.0,-0.0,-1.0,-0.0,-0.0,-0.0,-1.0,-0.0
184,-0.1428571428571428,-0.004773812230052283,-1.0,-0.0,-0.0,-1.0,-0.0,-0.0,-0.0,-1.0
185,-0.2142857142857143,-0.026824278245055694,-0.0,-1.0,-0.0,-1.0,-0.0,-0.0,-0.0,-0.0
186,-0.42857142857142855,-0.017731302568765626,-0.0,-0.0,-0.0,-1.0,-0.0,-0.0,-0.0,-0.0
187,-0.5,-0.2534666969765856,-0.0,-0.0,-1.0,-1.0,-0.0,-0.0,-0.0,-0.0
188,-0.0,-0.10797908615594454,-0.0,-1.0,-0.0,-1.0,-0.0,-0.0,-0.0,-0.0
189,-0.6428571428571428,-0.004773812230052283,-0.0,-0.0,-0.0,-0.0,-0.0,-0.0,-0.0,-1.0
190,-0.2857142857142857,-0.013412139122527849,-0.0,-0.0,-0.0,-1.0,-0.0,-0.0,-0.0,-0.0
191,-0.2142857142857143,-0.004091839054330528,-0.0,-0.0,-1.0,-1.0,-0.0,-0.0,-0.0,-0.0
192,-0.0,-0.0,-0.0,-0.0,-0.0,-0.0,-0.0,-0.0,-0.0,-0.0
193,-0.2142857142857143,-0.00841100250056831,-0.0,-0.0,-0.0,-1.0,-1.0,-0.0,-0.0,-0.0
194,-0.7857142857142857,-0.019095248920209137,-0.0,-0.0,-1.0,-1.0,-0.0,-0.0,-0.0,-0.0
195,-0.2142857142857143,-0.07950941231232206,-0.0,-0.0,-1.0,-1.0,-0.0,-0.0,-0.0,-1.0
196,-0.35714285714285715,-0.05114798817913162,-0.0,-0.0,-0.0,-1.0,-0.0,-0.0,-0.0,-0.0
197,-0.2857142857142857,-0.07950941231232206,-0.0,-0.0,-1.0,-1.0,-0.0,-0.0,-0.0,-1.0
198,-0.35714285714285715,-0.01704932939304387,-0.0,-0.0,-0.0,-1.0,-0.0,-0.0,-0.0,-0.0
199,-0.35714285714285715,-0.010911570811548078,-0.0,-0.0,-0.0,-0.0,-0.0,-0.0,-0.0,-1.0
200,-0.1428571428571428,-0.007501704932939302,-0.0,-0.0,-0.0,-1.0,-0.0,-0.0,-0.0,-0.0
201,-0.7142857142857143,-0.006365082973403045,-0.0,-1.0,-0.0,-1.0,-0.0,-0.0,-0.0,-0.0
202,-0.2857142857142857,-0.020913844055467156,-0.0,-0.0,-0.0,-1.0,-0.0,-1.0,-0.0,-0.0
203,-0.0714285714285714,-0.03796317344851102,-0.0,-0.0,-1.0,-1.0,-0.0,-0.0,-0.0,-0.0
204,-0.5714285714285714,-0.2534666969765856,-0.0,-0.0,-1.0,-1.0,-0.0,-0.0,-0.0,-0.0
205,-0.0714285714285714,-0.9809047510797909,-0.0,-1.0,-0.0,-1.0,-0.0,-0.0,-0.0,-0.0
206,-0.0,-0.02432370993407593,-0.0,-0.0,-0.0,-1.0,-0.0,-0.0,-1.0,-0.0
207,-0.3571428571428571,-0.0036371902705160265,-1.0,-0.0,-0.0,-0.0,-1.0,-0.0,-0.0,-1.0
208,-0.4285714285714286,-0.035235280745624,-0.0,-1.0,-0.0,-0.0,-1.0,-0.0,-0.0,-0.0
209,-0.6428571428571428,-0.009320300068197318,-0.0,-0.0,-0.0,-0.0,-1.0,-0.0,-0.0,-0.0
210,-0.7142857142857143,-0.2618776994771539,-0.0,-0.0,-1.0,-0.0,-1.0,-0.0,-0.0,-0.0
211,-0.2142857142857143,-0.11639008865651285,-0.0,-1.0,-0.0,-0.0,-1.0,-0.0,-0.0,-0.0
212,-0.8571428571428572,-0.0036371902705160265,-0.0,-0.0,-0.0,-1.0,-1.0,-0.0,-0.0,-1.0
213,-0.5,-0.02182314162309616,-0.0,-0.0,-0.0,-0.0,-1.0,-0.0,-0.0,-0.0
214,-0.4285714285714286,-0.004319163446237782,-0.0,-0.0,-1.0,-0.0,-1.0,-0.0,-0.0,-0.0
215,-0.2142857142857143,-0.00841100250056831,-0.0,-0.0,-0.0,-1.0,-1.0,-0.0,-0.0,-0.0
216,-0.0,-0.0,-0.0,-0.0,-0.0,-0.0,-0.0,-0.0,-0.0,-0.0
217,-1.0,-0.010684246419640827,-0.0,-0.0,-1.0,-0.0,-1.0,-0.0,-0.0,-0.0
218,-0.4285714285714286,-0.08792041481289037,-0.0,-0.0,-1.0,-0.0,-1.0,-0.0,-0.0,-1.0
219,-0.5714285714285714,-0.05955899067969993,-0.0,-0.0,-0.0,-0.0,-1.0,-0.0,-0.0,-0.0
220,-0.5,-0.08792041481289037,-0.0,-0.0,-1.0,-0.0,-1.0,-0.0,-0.0,-1.0
221,-0.5714285714285714,-0.008638326892475562,-0.0,-0.0,-0.0,-0.0,-1.0,-0.0,-0.0,-0.0
222,-0.5714285714285714,-0.002500568310979768,-0.0,-0.0,-0.0,-1.0,-1.0,-0.0,-0.0,-1.0
223,-0.3571428571428571,-0.0009092975676290079,-0.0,-0.0,-0.0,-0.0,-1.0,-0.0,-0.0,-0.0
224,-0.9285714285714286,-0.0020459195271652648,-0.0,-1.0,-0.0,-0.0,-1.0,-0.0,-0.0,-0.0
225,-0.5,-0.029324846556035466,-0.0,-0.0,-0.0,-0.0,-1.0,-1.0,-0.0,-0.0
226,-0.1428571428571429,-0.04637417594907933,-0.0,-0.0,-1.0,-0.0,-1.0,-0.0,-0.0,-0.0
227,-0.7857142857142857,-0.2618776994771539,-0.0,-0.0,-1.0,-0.0,-1.0,-0.0,-0.0,-0.0
228,-0.1428571428571429,-0.9893157535803592,-0.0,-1.0,-0.0,-0.0,-1.0,-0.0,-0.0,-0.0
229,-0.2142857142857143,-0.032734712434644236,-0.0,-0.0,-0.0,-0.0,-1.0,-0.0,-1.0,-0.0
230,-0.6428571428571429,-0.014321436690156853,-1.0,-0.0,-1.0,-0.0,-0.0,-0.0,-0.0,-1.0
231,-0.5714285714285714,-0.04591952716526483,-0.0,-1.0,-1.0,-0.0,-0.0,-0.0,-0.0,-0.0
232,-0.35714285714285715,-0.00136394635144351,-0.0,-0.0,-1.0,-0.0,-0.0,-0.0,-0.0,-0.0
233,-0.2857142857142857,-0.2725619458967947,-0.0,-0.0,-0.0,-0.0,-0.0,-0.0,-0.0,-0.0
234,-0.7857142857142857,-0.12707433507615368,-0.0,-1.0,-1.0,-0.0,-0.0,-0.0,-0.0,-0.0
235,-0.14285714285714285,-0.014321436690156853,-0.0,-0.0,-1.0,-1.0,-0.0,-0.0,-0.0,-1.0
236,-0.5,-0.032507388042736986,-0.0,-0.0,-1.0,-0.0,-0.0,-0.0,-0.0,-0.0
237,-0.5714285714285714,-0.015003409865878609,-0.0,-0.0,-0.0,-0.0,-0.0,-0.0,-0.0,-0.0
238,-0.7857142857142857,-0.019095248920209137,-0.0,-0.0,-1.0,-1.0,-0.0,-0.0,-0.0,-0.0
239,-1.0,-0.010684246419640827,-0.0,-0.0,-1.0,-0.0,-1.0,-0.0,-0.0,-0.0
240,-0.0,-0.0,-0.0,-0.0,-0.0,-0.0,-0.0,-0.0,-0.0,-0.0
241,-0.5714285714285714,-0.0986046612325312,-0.0,-0.0,-0.0,-0.0,-0.0,-0.0,-0.0,-1.0
242,-0.42857142857142855,-0.07024323709934076,-0.0,-0.0,-1.0,-0.0,-0.0,-0.0,-0.0,-0.0
243,-0.5,-0.0986046612325312,-0.0,-0.0,-0.0,-0.0,-0.0,-0.0,-0.0,-1.0
244,-0.42857142857142855,-0.0020459195271652648,-0.0,-0.0,-1.0,-0.0,-0.0,-0.0,-0.0,-0.0
245,-0.42857142857142855,-0.008183678108661059,-0.0,-0.0,-1.0,-1.0,-0.0,-0.0,-0.0,-1.0
246,-0.6428571428571429,-0.011593543987269835,-0.0,-0.0,-1.0,-0.0,-0.0,-0.0,-0.0,-0.0
247,-0.07142857142857142,-0.012730165946806092,-0.0,-1.0,-1.0,-0.0,-0.0,-0.0,-0.0,-0.0
248,-0.5,-0.04000909297567629,-0.0,-0.0,-1.0,-0.0,-0.0,-1.0,-0.0,-0.0
249,-0.8571428571428571,-0.05705842236872016,-0.0,-0.0,-0.0,-0.0,-0.0,-0.0,-0.0,-0.0
250,-0.21428571428571427,-0.2725619458967947,-0.0,-0.0,-0.0,-0.0,-0.0,-0.0,-0.0,-0.0
251,-0.8571428571428571,-1.0,-0.0,-1.0,-1.0,-0.0,-0.0,-0.0,-0.0,-0.0
252,-0.7857142857142857,-0.04341895885428507,-0.0,-0.0,-1.0,-0.0,-0.0,-0.0,-1.0,-0.0
253,-0.07142857142857151,-0.08428322454237434,-1.0,-0.0,-1.0,-0.0,-0.0,-0.0,-0.0,-0.0
254,-0.0,-0.05268513406726637,-0.0,-1.0,-1.0,-0.0,-0.0,-0.0,-0.0,-1.0
255,-0.21428571428571425,-0.0972407148810877,-0.0,-0.0,-1.0,-0.0,-0.0,-0.0,-0.0,-1.0
256,-0.2857142857142857,-0.17395728466426352,-0.0,-0.0,-0.0,-0.0,-0.0,-0.0,-0.0,-1.0
257,-0.2142857142857143,-0.02846967384362248,-0.0,-1.0,-1.0,-0.0,-0.0,-0.0,-0.0,-1.0
258,-0.42857142857142855,-0.08428322454237434,-0.0,-0.0,-1.0,-1.0,-0.0,-0.0,-0.0,-0.0
259,-0.0714285714285714,-0.06609727318979422,-0.0,-0.0,-1.0,-0.0,-0.0,-0.0,-0.0,-1.0
260,-0.0,-0.08360125136665258,-0.0,-0.0,-0.0,-0.0,-0.0,-0.0,-0.0,-1.0
261,-0.2142857142857143,-0.07950941231232206,-0.0,-0.0,-1.0,-1.0,-0.0,-0.0,-0.0,-1.0
262,-0.4285714285714286,-0.08792041481289037,-0.0,-0.0,-1.0,-0.0,-1.0,-0.0,-0.0,-1.0
263,-0.5714285714285714,-0.0986046612325312,-0.0,-0.0,-0.0,-0.0,-0.0,-0.0,-0.0,-1.0
264,-0.0,-0.0,-0.0,-0.0,-0.0,-0.0,-0.0,-0.0,-0.0,-0.0
265,-0.14285714285714285,-0.02836142413319044,-0.0,-0.0,-1.0,-0.0,-0.0,-0.0,-0.0,-1.0
266,-0.0714285714285714,-0.0,-0.0,-0.0,-0.0,-0.0,-0.0,-0.0,-0.0,-0.0
267,-0.14285714285714285,-0.09655874170536594,-0.0,-0.0,-1.0,-0.0,-0.0,-0.0,-0.0,-1.0
268,-0.14285714285714285,-0.09042098312387015,-0.0,-0.0,-1.0,-1.0,-0.0,-0.0,-0.0,-0.0
269,-0.07142857142857151,-0.08701111724526137,-0.0,-0.0,-1.0,-0.0,-0.0,-0.0,-0.0,-1.0
270,-0.5,-0.0858744952857251,-0.0,-1.0,-1.0,-0.0,-0.0,-0.0,-0.0,-1.0
271,-0.0714285714285714,-0.058595568256854906,-0.0,-0.0,-1.0,-0.0,-0.0,-1.0,-0.0,-1.0
272,-0.2857142857142857,-0.041546238863811036,-0.0,-0.0,-0.0,-0.0,-0.0,-0.0,-0.0,-1.0
273,-0.3571428571428571,-0.17395728466426352,-0.0,-0.0,-0.0,-0.0,-0.0,-0.0,-0.0,-1.0
274,-0.2857142857142857,-0.9013953387674688,-0.0,-1.0,-1.0,-0.0,-0.0,-0.0,-0.0,-1.0
275,-0.2142857142857143,-0.05518570237824613,-0.0,-0.0,-1.0,-0.0,-0.0,-0.0,-1.0,-1.0
276,-0.21428571428571436,-0.0559218004091839,-1.0,-0.0,-0.0,-0.0,-0.0,-0.0,-0.0,-1.0
277,-0.14285714285714285,-0.024323709934075927,-0.0,-1.0,-0.0,-0.0,-0.0,-0.0,-0.0,-0.0
278,-0.0714285714285714,-0.06887929074789725,-0.0,-0.0,-0.0,-0.0,-0.0,-0.0,-0.0,-0.0
279,-0.14285714285714285,-0.20231870879745395,-0.0,-0.0,-1.0,-0.0,-0.0,-0.0,-0.0,-0.0
280,-0.35714285714285715,-0.05683109797681292,-0.0,-1.0,-0.0,-0.0,-0.0,-0.0,-0.0,-0.0
281,-0.2857142857142857,-0.0559218004091839,-0.0,-0.0,-0.0,-1.0,-0.0,-0.0,-0.0,-1.0
282,-0.07142857142857145,-0.03773584905660377,-0.0,-0.0,-0.0,-0.0,-0.0,-0.0,-0.0,-0.0
283,-0.14285714285714285,-0.05523982723346215,-0.0,-0.0,-1.0,-0.0,-0.0,-0.0,-0.0,-0.0
284,-0.35714285714285715,-0.05114798817913162,-0.0,-0.0,-0.0,-1.0,-0.0,-0.0,-0.0,-0.0
285,-0.5714285714285714,-0.05955899067969993,-0.0,-0.0,-0.0,-0.0,-1.0,-0.0,-0.0,-0.0
286,-0.42857142857142855,-0.07024323709934076,-0.0,-0.0,-1.0,-0.0,-0.0,-0.0,-0.0,-0.0
287,-0.14285714285714285,-0.02836142413319044,-0.0,-0.0,-1.0,-0.0,-0.0,-0.0,-0.0,-1.0
288,-0.0,-0.0,-0.0,-0.0,-0.0,-0.0,-0.0,-0.0,-0.0,-0.0
289,-0.07142857142857145,-0.02836142413319044,-0.0,-0.0,-1.0,-0.0,-0.0,-0.0,-0.0,-1.0
290,-0.0,-0.0681973175721755,-0.0,-0.0,-0.0,-0.0,-0.0,-0.0,-0.0,-0.0
291,-0.0,-0.0620595589906797,-0.0,-0.0,-0.0,-1.0,-0.0,-0.0,-0.0,-1.0
292,-0.21428571428571436,-0.058649693112070925,-0.0,-0.0,-0.0,-0.0,-0.0,-0.0,-0.0,-0.0
293,-0.3571428571428571,-0.057513071152534664,-0.0,-1.0,-0.0,-0.0,-0.0,-0.0,-0.0,-0.0
294,-0.07142857142857145,-0.030234144123664465,-0.0,-0.0,-0.0,-0.0,-0.0,-1.0,-0.0,-0.0
295,-0.42857142857142855,-0.013184814730620595,-0.0,-0.0,-1.0,-0.0,-0.0,-0.0,-0.0,-0.0
296,-0.21428571428571427,-0.20231870879745395,-0.0,-0.0,-1.0,-0.0,-0.0,-0.0,-0.0,-0.0
297,-0.42857142857142855,-0.9297567629006592,-0.0,-1.0,-0.0,-0.0,-0.0,-0.0,-0.0,-0.0
298,-0.35714285714285715,-0.02682427824505569,-0.0,-0.0,-0.0,-0.0,-0.0,-0.0,-1.0,-0.0
299,-0.1428571428571429,-0.08428322454237434,-1.0,-0.0,-1.0,-0.0,-0.0,-0.0,-0.0,-0.0
300,-0.0714285714285714,-0.05268513406726637,-0.0,-1.0,-1.0,-0.0,-0.0,-0.0,-0.0,-1.0
301,-0.14285714285714285,-0.0972407148810877,-0.0,-0.0,-1.0,-0.0,-0.0,-0.0,-0.0,-1.0
302,-0.2142857142857143,-0.17395728466426352,-0.0,-0.0,-0.0,-0.0,-0.0,-0.0,-0.0,-1.0
303,-0.2857142857142857,-0.02846967384362248,-0.0,-1.0,-1.0,-0.0,-0.0,-0.0,-0.0,-1.0
304,-0.35714285714285715,-0.08428322454237434,-0.0,-0.0,-1.0,-1.0,-0.0,-0.0,-0.0,-0.0
305,-0.0,-0.06609727318979422,-0.0,-0.0,-1.0,-0.0,-0.0,-0.0,-0.0,-1.0
306,-0.0714285714285714,-0.08360125136665258,-0.0,-0.0,-0.0,-0.0,-0.0,-0.0,-0.0,-1.0
307,-0.2857142857142857,-0.07950941231232206,-0.0,-0.0,-1.0,-1.0,-0.0,-0.0,-0.0,-1.0
308,-0.5,-0.08792041481289037,-0.0,-0.0,-1.0,-0.0,-1.0,-0.0,-0.0,-1.0
309,-0.5,-0.0986046612325312,-0.0,-0.0,-0.0,-0.0,-0.0,-0.0,-0.0,-1.0
310,-0.0714285714285714,-0.0,-0.0,-0.0,-0.0,-0.0,-0.0,-0.0,-0.0,-0.0
311,-0.07142857142857145,-0.02836142413319044,-0.0,-0.0,-1.0,-0.0,-0.0,-0.0,-0.0,-1.0
312,-0.0,-0.0,-0.0,-0.0,-0.0,-0.0,-0.0,-0.0,-0.0,-0.0
313,-0.07142857142857145,-0.09655874170536594,-0.0,-0.0,-1.0,-0.0,-0.0,-0.0,-0.0,-1.0
314,-0.07142857142857145,-0.09042098312387015,-0.0,-0.0,-1.0,-1.0,-0.0,-0.0,-0.0,-0.0
315,-0.1428571428571429,-0.08701111724526137,-0.0,-0.0,-1.0,-0.0,-0.0,-0.0,-0.0,-1.0
316,-0.4285714285714286,-0.0858744952857251,-0.0,-1.0,-1.0,-0.0,-0.0,-0.0,-0.0,-1.0
317,-0.0,-0.058595568256854906,-0.0,-0.0,-1.0,-0.0,-0.0,-1.0,-0.0,-1.0
318,-0.3571428571428571,-0.041546238863811036,-0.0,-0.0,-0.0,-0.0,-0.0,-0.0,-0.0,-1.0
319,-0.2857142857142857,-0.17395728466426352,-0.0,-0.0,-0.0,-0.0,-0.0,-0.0,-0.0,-1.0
320,-0.3571428571428571,-0.9013953387674688,-0.0,-1.0,-1.0,-0.0,-0.0,-0.0,-0.0,-1.0
321,-0.2857142857142857,-0.05518570237824613,-0.0,-0.0,-1.0,-0.0,-0.0,-0.0,-1.0,-1.0
322,-0.21428571428571436,-0.012275517162991589,-1.0,-0.0,-0.0,-0.0,-0.0,-0.0,-0.0,-1.0
323,-0.14285714285714285,-0.04387360763809957,-0.0,-1.0,-0.0,-0.0,-0.0,-0.0,-0.0,-0.0
324,-0.0714285714285714,-0.0006819731757217549,-0.0,-0.0,-0.0,-0.0,-0.0,-0.0,-0.0,-0.0
325,-0.14285714285714285,-0.27051602636962946,-0.0,-0.0,-1.0,-0.0,-0.0,-0.0,-0.0,-0.0
326,-0.35714285714285715,-0.12502841554898841,-0.0,-1.0,-0.0,-0.0,-0.0,-0.0,-0.0,-0.0
327,-0.2857142857142857,-0.012275517162991589,-0.0,-0.0,-0.0,-1.0,-0.0,-0.0,-0.0,-1.0
328,-0.07142857142857145,-0.030461468515571723,-0.0,-0.0,-0.0,-0.0,-0.0,-0.0,-0.0,-0.0
329,-0.14285714285714285,-0.012957490338713344,-0.0,-0.0,-1.0,-0.0,-0.0,-0.0,-0.0,-0.0
330,-0.35714285714285715,-0.01704932939304387,-0.0,-0.0,-0.0,-1.0,-0.0,-0.0,-0.0,-0.0
331,-0.5714285714285714,-0.008638326892475562,-0.0,-0.0,-0.0,-0.0,-1.0,-0.0,-0.0,-0.0
332,-0.42857142857142855,-0.0020459195271652648,-0.0,-0.0,-1.0,-0.0,-0.0,-0.0,-0.0,-0.0
333,-0.14285714285714285,-0.09655874170536594,-0.0,-0.0,-1.0,-0.0,-0.0,-0.0,-0.0,-1.0
334,-0.0,-0.0681973175721755,-0.0,-0.0,-0.0,-0.0,-0.0,-0.0,-0.0,-0.0
335,-0.07142857142857145,-0.09655874170536594,-0.0,-0.0,-1.0,-0.0,-0.0,-0.0,-0.0,-1.0
336,-0.0,-0.0,-0.0,-0.0,-0.0,-0.0,-0.0,-0.0,-0.0,-0.0
337,-0.0,-0.006137758581495794,-0.0,-0.0,-0.0,-1.0,-0.0,-0.0,-0.0,-1.0
338,-0.21428571428571436,-0.00954762446010457,-0.0,-0.0,-0.0,-0.0,-0.0,-0.0,-0.0,-0.0
339,-0.3571428571428571,-0.010684246419640827,-0.0,-1.0,-0.0,-0.0,-0.0,-0.0,-0.0,-0.0
340,-0.07142857142857145,-0.03796317344851103,-0.0,-0.0,-0.0,-0.0,-0.0,-1.0,-0.0,-0.0
341,-0.42857142857142855,-0.0550125028415549,-0.0,-0.0,-1.0,-0.0,-0.0,-0.0,-0.0,-0.0
342,-0.21428571428571427,-0.27051602636962946,-0.0,-0.0,-1.0,-0.0,-0.0,-0.0,-0.0,-0.0
343,-0.42857142857142855,-0.9979540804728347,-0.0,-1.0,-0.0,-0.0,-0.0,-0.0,-0.0,-0.0
344,-0.35714285714285715,-0.041373039327119804,-0.0,-0.0,-0.0,-0.0,-0.0,-0.0,-1.0,-0.0
345,-0.21428571428571436,-0.006137758581495794,-1.0,-0.0,-0.0,-1.0,-0.0,-0.0,-0.0,-0.0
346,-0.14285714285714285,-0.03773584905660377,-0.0,-1.0,-0.0,-1.0,-0.0,-0.0,-0.0,-1.0
347,-0.0714285714285714,-0.006819731757217549,-0.0,-0.0,-0.0,-1.0,-0.0,-0.0,-0.0,-1.0
348,-0.14285714285714285,-0.26437826778813367,-0.0,-0.0,-1.0,-1.0,-0.0,-0.0,-0.0,-1.0
349,-0.35714285714285715,-0.11889065696749263,-0.0,-1.0,-0.0,-1.0,-0.0,-0.0,-0.0,-1.0
350,-0.2857142857142857,-0.006137758581495794,-0.0,-0.0,-0.0,-0.0,-0.0,-0.0,-0.0,-0.0
351,-0.07142857142857145,-0.024323709934075927,-0.0,-0.0,-0.0,-1.0,-0.0,-0.0,-0.0,-1.0
352,-0.14285714285714285,-0.00681973175721755,-0.0,-0.0,-1.0,-1.0,-0.0,-0.0,-0.0,-1.0
353,-0.35714285714285715,-0.010911570811548078,-0.0,-0.0,-0.0,-0.0,-0.0,-0.0,-0.0,-1.0
354,-0.5714285714285714,-0.002500568310979768,-0.0,-0.0,-0.0,-1.0,-1.0,-0.0,-0.0,-1.0
355,-0.42857142857142855,-0.008183678108661059,-0.0,-0.0,-1.0,-1.0,-0.0,-0.0,-0.0,-1.0
356,-0.14285714285714285,-0.09042098312387015,-0.0,-0.0,-1.0,-1.0,-0.0,-0.0,-0.0,-0.0
357,-0.0,-0.0620595589906797,-0.0,-0.0,-0.0,-1.0,-0.0,-0.0,-0.0,-1.0
358,-0.07142857142857145,-0.09042098312387015,-0.0,-0.0,-1.0,-1.0,-0.0,-0.0,-0.0,-0.0
359,-0.0,-0.006137758581495794,-0.0,-0.0,-0.0,-1.0,-0.0,-0.0,-0.0,-1.0
360,-0.0,-0.0,-0.0,-0.0,-0.0,-0.0,-0.0,-0.0,-0.0,-0.0
361,-0.21428571428571436,-0.0034098658786087758,-0.0,-0.0,-0.0,-1.0,-0.0,-0.0,-0.0,-1.0
362,-0.3571428571428571,-0.004546487838145033,-0.0,-1.0,-0.0,-1.0,-0.0,-0.0,-0.0,-1.0
363,-0.07142857142857145,-0.031825414867015234,-0.0,-0.0,-0.0,-1.0,-0.0,-1.0,-0.0,-1.0
364,-0.42857142857142855,-0.048874744260059104,-0.0,-0.0,-1.0,-1.0,-0.0,-0.0,-0.0,-1.0
365,-0.21428571428571427,-0.26437826778813367,-0.0,-0.0,-1.0,-1.0,-0.0,-0.0,-0.0,-1.0
366,-0.42857142857142855,-0.991816321891339,-0.0,-1.0,-0.0,-1.0,-0.0,-0.0,-0.0,-1.0
367,-0.35714285714285715,-0.03523528074562401,-0.0,-0.0,-0.0,-1.0,-0.0,-0.0,-1.0,-1.0
368,-0.0,-0.0027278927028870185,-1.0,-0.0,-0.0,-0.0,-0.0,-0.0,-0.0,-1.0
369,-0.07142857142857151,-0.034325983177995,-0.0,-1.0,-0.0,-0.0,-0.0,-0.0,-0.0,-0.0
370,-0.28571428571428575,-0.010229597635826326,-0.0,-0.0,-0.0,-0.0,-0.0,-0.0,-0.0,-0.0
371,-0.3571428571428572,-0.26096840190952486,-0.0,-0.0,-1.0,-0.0,-0.0,-0.0,-0.0,-0.0
372,-0.1428571428571428,-0.11548079108888384,-0.0,-1.0,-0.0,-0.0,-0.0,-0.0,-0.0,-0.0
373,-0.5,-0.0027278927028870185,-0.0,-0.0,-0.0,-1.0,-0.0,-0.0,-0.0,-1.0
374,-0.1428571428571429,-0.020913844055467153,-0.0,-0.0,-0.0,-0.0,-0.0,-0.0,-0.0,-0.0
375,-0.07142857142857151,-0.003409865878608774,-0.0,-0.0,-1.0,-0.0,-0.0,-0.0,-0.0,-0.0
376,-0.1428571428571428,-0.007501704932939302,-0.0,-0.0,-0.0,-1.0,-0.0,-0.0,-0.0,-0.0
377,-0.3571428571428571,-0.0009092975676290079,-0.0,-0.0,-0.0,-0.0,-1.0,-0.0,-0.0,-0.0
378,-0.6428571428571429,-0.011593543987269835,-0.0,-0.0,-1.0,-0.0,-0.0,-0.0,-0.0,-0.0
379,-0.07142857142857151,-0.08701111724526137,-0.0,-0.0,-1.0,-0.0,-0.0,-0.0,-0.0,-1.0
380,-0.21428571428571436,-0.058649693112070925,-0.0,-0.0,-0.0,-0.0,-0.0,-0.0,-0.0,-0.0
381,-0.1428571428571429,-0.08701111724526137,-0.0,-0.0,-1.0,-0.0,-0.0,-0.0,-0.0,-1.0
382,-0.21428571428571436,-0.00954762446010457,-0.0,-0.0,-0.0,-0.0,-0.0,-0.0,-0.0,-0.0
383,-0.21428571428571436,-0.0034098658786087758,-0.0,-0.0,-0.0,-1.0,-0.0,-0.0,-0.0,-1.0
384,-0.0,-0.0,-0.0,-0.0,-0.0,-0.0,-0.0,-0.0,-0.0,-0.0
385,-0.5714285714285715,-0.0011366219595362569,-0.0,-1.0,-0.0,-0.0,-0.0,-0.0,-0.0,-0.0
386,-0.1428571428571429,-0.02841554898840646,-0.0,-0.0,-0.0,-0.0,-0.0,-1.0,-0.0,-0.0
387,-0.2142857142857142,-0.04546487838145033,-0.0,-0.0,-1.0,-0.0,-0.0,-0.0,-0.0,-0.0
388,-0.4285714285714286,-0.26096840190952486,-0.0,-0.0,-1.0,-0.0,-0.0,-0.0,-0.0,-0.0
389,-0.2142857142857142,-0.9884064560127301,-0.0,-1.0,-0.0,-0.0,-0.0,-0.0,-0.0,-0.0
390,-0.1428571428571428,-0.031825414867015234,-0.0,-0.0,-0.0,-0.0,-0.0,-0.0,-1.0,-0.0
391,-0.5714285714285715,-0.0015912707433507617,-1.0,-1.0,-0.0,-0.0,-0.0,-0.0,-0.0,-1.0
392,-0.5,-0.03318936121845874,-0.0,-0.0,-0.0,-0.0,-0.0,-0.0,-0.0,-0.0
393,-0.2857142857142857,-0.011366219595362582,-0.0,-1.0,-0.0,-0.0,-0.0,-0.0,-0.0,-0.0
394,-0.21428571428571427,-0.25983177994998863,-0.0,-1.0,-1.0,-0.0,-0.0,-0.0,-0.0,-0.0
395,-0.7142857142857143,-0.11434416912934758,-0.0,-0.0,-0.0,-0.0,-0.0,-0.0,-0.0,-0.0
396,-0.07142857142857142,-0.0015912707433507617,-0.0,-1.0,-0.0,-1.0,-0.0,-0.0,-0.0,-1.0
397,-0.4285714285714286,-0.019777222095930892,-0.0,-1.0,-0.0,-0.0,-0.0,-0.0,-0.0,-0.0
398,-0.5,-0.002273243919072517,-0.0,-1.0,-1.0,-0.0,-0.0,-0.0,-0.0,-0.0
399,-0.7142857142857143,-0.006365082973403045,-0.0,-1.0,-0.0,-1.0,-0.0,-0.0,-0.0,-0.0
400,-0.9285714285714286,-0.0020459195271652648,-0.0,-1.0,-0.0,-0.0,-1.0,-0.0,-0.0,-0.0
401,-0.07142857142857142,-0.012730165946806092,-0.0,-1.0,-1.0,-0.0,-0.0,-0.0,-0.0,-0.0
402,-0.5,-0.0858744952857251,-0.0,-1.0,-1.0,-0.0,-0.0,-0.0,-0.0,-1.0
403,-0.3571428571428571,-0.057513071152534664,-0.0,-1.0,-0.0,-0.0,-0.0,-0.0,-0.0,-0.0
404,-0.4285714285714286,-0.0858744952857251,-0.0,-1.0,-1.0,-0.0,-0.0,-0.0,-0.0,-1.0
405,-0.3571428571428571,-0.010684246419640827,-0.0,-1.0,-0.0,-0.0,-0.0,-0.0,-0.0,-0.0
406,-0.3571428571428571,-0.004546487838145033,-0.0,-1.0,-0.0,-1.0,-0.0,-0.0,-0.0,-1.0
407,-0.5714285714285715,-0.0011366219595362569,-0.0,-1.0,-0.0,-0.0,-0.0,-0.0,-0.0,-0.0
408,-0.0,-0.0,-0.0,-0.0,-0.0,-0.0,-0.0,-0.0,-0.0,-0.0
409,-0.4285714285714286,-0.0272789270288702,-0.0,-1.0,-0.0,-0.0,-0.0,-1.0,-0.0,-0.0
410,-0.7857142857142857,-0.04432825642191407,-0.0,-1.0,-1.0,-0.0,-0.0,-0.0,-0.0,-0.0
411,-0.14285714285714285,-0.25983177994998863,-0.0,-1.0,-1.0,-0.0,-0.0,-0.0,-0.0,-0.0
412,-0.7857142857142857,-0.9872698340531939,-0.0,-0.0,-0.0,-0.0,-0.0,-0.0,-0.0,-0.0
413,-0.7142857142857143,-0.030688792907478973,-0.0,-1.0,-0.0,-0.0,-0.0,-0.0,-1.0,-0.0
414,-0.1428571428571429,-0.025687656285519438,-1.0,-0.0,-0.0,-0.0,-0.0,-1.0,-0.0,-1.0
415,-0.0714285714285714,-0.0059104341895885384,-0.0,-1.0,-0.0,-0.0,-0.0,-1.0,-0.0,-0.0
416,-0.14285714285714285,-0.03864514662423278,-0.0,-0.0,-0.0,-0.0,-0.0,-1.0,-0.0,-0.0
417,-0.2142857142857143,-0.23255285292111844,-0.0,-0.0,-1.0,-0.0,-0.0,-1.0,-0.0,-0.0
418,-0.2857142857142857,-0.08706524210047739,-0.0,-1.0,-0.0,-0.0,-0.0,-1.0,-0.0,-0.0
419,-0.35714285714285715,-0.025687656285519438,-0.0,-0.0,-0.0,-1.0,-0.0,-1.0,-0.0,-1.0
420,-0.0,-0.007501704932939307,-0.0,-0.0,-0.0,-0.0,-0.0,-1.0,-0.0,-0.0
421,-0.0714285714285714,-0.025005683109797686,-0.0,-0.0,-1.0,-0.0,-0.0,-1.0,-0.0,-0.0
422,-0.2857142857142857,-0.020913844055467156,-0.0,-0.0,-0.0,-1.0,-0.0,-1.0,-0.0,-0.0
423,-0.5,-0.029324846556035466,-0.0,-0.0,-0.0,-0.0,-1.0,-1.0,-0.0,-0.0
424,-0.5,-0.04000909297567629,-0.0,-0.0,-1.0,-0.0,-0.0,-1.0,-0.0,-0.0
425,-0.0714285714285714,-0.058595568256854906,-0.0,-0.0,-1.0,-0.0,-0.0,-1.0,-0.0,-1.0
426,-0.07142857142857145,-0.030234144123664465,-0.0,-0.0,-0.0,-0.0,-0.0,-1.0,-0.0,-0.0
427,-0.0,-0.058595568256854906,-0.0,-0.0,-1.0,-0.0,-0.0,-1.0,-0.0,-1.0
428,-0.07142857142857145,-0.03796317344851103,-0.0,-0.0,-0.0,-0.0,-0.0,-1.0,-0.0,-0.0
429,-0.07142857142857145,-0.031825414867015234,-0.0,-0.0,-0.0,-1.0,-0.0,-1.0,-0.0,-1.0
430,-0.1428571428571429,-0.02841554898840646,-0.0,-0.0,-0.0,-0.0,-0.0,-1.0,-0.0,-0.0
431,-0.4285714285714286,-0.0272789270288702,-0.0,-1.0,-0.0,-0.0,-0.0,-1.0,-0.0,-0.0
432,-0.0,-0.0,-0.0,-0.0,-0.0,-0.0,-0.0,-0.0,-0.0,-0.0
433,-0.3571428571428571,-0.01704932939304387,-0.0,-0.0,-1.0,-0.0,-0.0,-1.0,-0.0,-0.0
434,-0.2857142857142857,-0.23255285292111844,-0.0,-0.0,-1.0,-0.0,-0.0,-1.0,-0.0,-0.0
435,-0.3571428571428571,-0.9599909070243237,-0.0,-1.0,-0.0,-0.0,-0.0,-1.0,-0.0,-0.0
436,-0.2857142857142857,-0.003409865878608774,-0.0,-0.0,-0.0,-0.0,-0.0,-1.0,-1.0,-0.0
437,-0.2142857142857142,-0.04273698567856331,-1.0,-0.0,-1.0,-0.0,-0.0,-0.0,-0.0,-1.0
438,-0.2857142857142857,-0.011138895203455332,-0.0,-1.0,-1.0,-0.0,-0.0,-0.0,-0.0,-0.0
439,-0.49999999999999994,-0.05569447601727665,-0.0,-0.0,-1.0,-0.0,-0.0,-0.0,-0.0,-0.0
440,-0.5714285714285714,-0.21550352352807456,-0.0,-0.0,-0.0,-0.0,-0.0,-0.0,-0.0,-0.0
441,-0.0714285714285714,-0.07001591270743351,-0.0,-1.0,-1.0,-0.0,-0.0,-0.0,-0.0,-0.0
442,-0.7142857142857142,-0.04273698567856331,-0.0,-0.0,-1.0,-1.0,-0.0,-0.0,-0.0,-1.0
443,-0.3571428571428571,-0.024551034325983177,-0.0,-0.0,-1.0,-0.0,-0.0,-0.0,-0.0,-0.0
444,-0.2857142857142857,-0.042055012502841556,-0.0,-0.0,-0.0,-0.0,-0.0,-0.0,-0.0,-0.0
445,-0.0714285714285714,-0.03796317344851102,-0.0,-0.0,-1.0,-1.0,-0.0,-0.0,-0.0,-0.0
446,-0.1428571428571429,-0.04637417594907933,-0.0,-0.0,-1.0,-0.0,-1.0,-0.0,-0.0,-0.0
447,-0.8571428571428571,-0.05705842236872016,-0.0,-0.0,-0.0,-0.0,-0.0,-0.0,-0.0,-0.0
448,-0.2857142857142857,-0.041546238863811036,-0.0,-0.0,-0.0,-0.0,-0.0,-0.0,-0.0,-1.0
449,-0.42857142857142855,-0.013184814730620595,-0.0,-0.0,-1.0,-0.0,-0.0,-0.0,-0.0,-0.0
450,-0.3571428571428571,-0.041546238863811036,-0.0,-0.0,-0.0,-0.0,-0.0,-0.0,-0.0,-1.0
451,-0.42857142857142855,-0.0550125028415549,-0.0,-0.0,-1.0,-0.0,-0.0,-0.0,-0.0,-0.0
452,-0.42857142857142855,-0.048874744260059104,-0.0,-0.0,-1.0,-1.0,-0.0,-0.0,-0.0,-1.0
453,-0.2142857142857142,-0.04546487838145033,-0.0,-0.0,-1.0,-0.0,-0.0,-0.0,-0.0,-0.0
454,-0.7857142857142857,-0.04432825642191407,-0.0,-1.0,-1.0,-0.0,-0.0,-0.0,-0.0,-0.0
455,-0.3571428571428571,-0.01704932939304387,-0.0,-0.0,-1.0,-0.0,-0.0,-1.0,-0.0,-0.0
456,-0.0,-0.0,-0.0,-0.0,-0.0,-0.0,-0.0,-0.0,-0.0,-0.0
457,-0.6428571428571428,-0.21550352352807456,-0.0,-0.0,-0.0,-0.0,-0.0,-0.0,-0.0,-0.0
458,-0.0,-0.9429415776312798,-0.0,-1.0,-1.0,-0.0,-0.0,-0.0,-0.0,-0.0
459,-0.0714285714285714,-0.013639463514435096,-0.0,-0.0,-1.0,-0.0,-0.0,-0.0,-1.0,-0.0
460,-0.4285714285714286,-0.2582405092066379,-1.0,-0.0,-1.0,-0.0,-0.0,-0.0,-0.0,-1.0
461,-0.3571428571428571,-0.2266424187315299,-0.0,-1.0,-1.0,-0.0,-0.0,-0.0,-0.0,-0.0
462,-0.14285714285714288,-0.27119799954535123,-0.0,-0.0,-1.0,-0.0,-0.0,-0.0,-0.0,-0.0
463,-0.07142857142857142,-0.0,-0.0,-0.0,-0.0,-0.0,-0.0,-0.0,-0.0,-0.0
464,-0.5714285714285714,-0.14548761082064104,-0.0,-1.0,-1.0,-0.0,-0.0,-0.0,-0.0,-0.0
465,-0.07142857142857142,-0.2582405092066379,-0.0,-0.0,-1.0,-1.0,-0.0,-0.0,-0.0,-1.0
466,-0.2857142857142857,-0.24005455785405774,-0.0,-0.0,-1.0,-0.0,-0.0,-0.0,-0.0,-0.0
467,-0.3571428571428571,-0.2575585360309161,-0.0,-0.0,-0.0,-0.0,-0.0,-0.0,-0.0,-0.0
468,-0.5714285714285714,-0.2534666969765856,-0.0,-0.0,-1.0,-1.0,-0.0,-0.0,-0.0,-0.0
469,-0.7857142857142857,-0.2618776994771539,-0.0,-0.0,-1.0,-0.0,-1.0,-0.0,-0.0,-0.0
470,-0.21428571428571427,-0.2725619458967947,-0.0,-0.0,-0.0,-0.0,-0.0,-0.0,-0.0,-0.0
471,-0.3571428571428571,-0.17395728466426352,-0.0,-0.0,-0.0,-0.0,-0.0,-0.0,-0.0,-1.0
472,-0.21428571428571427,-0.20231870879745395,-0.0,-0.0,-1.0,-0.0,-0.0,-0.0,-0.0,-0.0
473,-0.2857142857142857,-0.17395728466426352,-0.0,-0.0,-0.0,-0.0,-0.0,-0.0,-0.0,-1.0
474,-0.21428571428571427,-0.27051602636962946,-0.0,-0.0,-1.0,-0.0,-0.0,-0.0,-0.0,-0.0
475,-0.21428571428571427,-0.26437826778813367,-0.0,-0.0,-1.0,-1.0,-0.0,-0.0,-0.0,-1.0
476,-0.4285714285714286,-0.26096840190952486,-0.0,-0.0,-1.0,-0.0,-0.0,-0.0,-0.0,-0.0
477,-0.14285714285714285,-0.25983177994998863,-0.0,-1.0,-1.0,-0.0,-0.0,-0.0,-0.0,-0.0
478,-0.2857142857142857,-0.23255285292111844,-0.0,-0.0,-1.0,-0.0,-0.0,-1.0,-0.0,-0.0
479,-0.6428571428571428,-0.21550352352807456,-0.0,-0.0,-0.0,-0.0,-0.0,-0.0,-0.0,-0.0
480,-0.0,-0.0,-0.0,-0.0,-0.0,-0.0,-0.0,-0.0,-0.0,-0.0
481,-0.6428571428571428,-0.7274380541032053,-0.0,-1.0,-1.0,-0.0,-0.0,-0.0,-0.0,-0.0
482,-0.5714285714285714,-0.22914298704250965,-0.0,-0.0,-1.0,-0.0,-0.0,-0.0,-1.0,-0.0
483,-0.2142857142857142,-0.9856785633098432,-1.0,-1.0,-0.0,-0.0,-0.0,-0.0,-0.0,-1.0
484,-0.2857142857142857,-0.9540804728347352,-0.0,-0.0,-0.0,-0.0,-0.0,-0.0,-0.0,-0.0
485,-0.49999999999999994,-0.9986360536485565,-0.0,-1.0,-0.0,-0.0,-0.0,-0.0,-0.0,-0.0
486,-0.5714285714285714,-0.7274380541032053,-0.0,-1.0,-1.0,-0.0,-0.0,-0.0,-0.0,-0.0
487,-0.0714285714285714,-0.8729256649238464,-0.0,-0.0,-0.0,-0.0,-0.0,-0.0,-0.0,-0.0
488,-0.7142857142857142,-0.9856785633098432,-0.0,-1.0,-0.0,-1.0,-0.0,-0.0,-0.0,-1.0
489,-0.3571428571428571,-0.967492611957263,-0.0,-1.0,-0.0,-0.0,-0.0,-0.0,-0.0,-0.0
490,-0.2857142857142857,-0.9849965901341214,-0.0,-1.0,-1.0,-0.0,-0.0,-0.0,-0.0,-0.0
491,-0.0714285714285714,-0.9809047510797909,-0.0,-1.0,-0.0,-1.0,-0.0,-0.0,-0.0,-0.0
492,-0.1428571428571429,-0.9893157535803592,-0.0,-1.0,-0.0,-0.0,-1.0,-0.0,-0.0,-0.0
493,-0.8571428571428571,-1.0,-0.0,-1.0,-1.0,-0.0,-0.0,-0.0,-0.0,-0.0
494,-0.2857142857142857,-0.9013953387674688,-0.0,-1.0,-1.0,-0.0,-0.0,-0.0,-0.0,-1.0
495,-0.42857142857142855,-0.9297567629006592,-0.0,-1.0,-0.0,-0.0,-0.0,-0.0,-0.0,-0.0
496,-0.3571428571428571,-0.9013953387674688,-0.0,-1.0,-1.0,-0.0,-0.0,-0.0,-0.0,-1.0
497,-0.42857142857142855,-0.9979540804728347,-0.0,-1.0,-0.0,-0.0,-0.0,-0.0,-0.0,-0.0
498,-0.42857142857142855,-0.991816321891339,-0.0,-1.0,-0.0,-1.0,-0.0,-0.0,-0.0,-1.0
499,-0.2142857142857142,-0.9884064560127301,-0.0,-1.0,-0.0,-0.0,-0.0,-0.0,-0.0,-0.0
500,-0.7857142857142857,-0.9872698340531939,-0.0,-0.0,-0.0,-0.0,-0.0,-0.0,-0.0,-0.0
501,-0.3571428571428571,-0.9599909070243237,-0.0,-1.0,-0.0,-0.0,-0.0,-1.0,-0.0,-0.0
502,-0.0,-0.9429415776312798,-0.0,-1.0,-1.0,-0.0,-0.0,-0.0,-0.0,-0.0
503,-0.6428571428571428,-0.7274380541032053,-0.0,-1.0,-1.0,-0.0,-0.0,-0.0,-0.0,-0.0
504,-0.0,-0.0,-0.0,-0.0,-0.0,-0.0,-0.0,-0.0,-0.0,-0.0
505,-0.0714285714285714,-0.956581041145715,-0.0,-1.0,-0.0,-0.0,-0.0,-0.0,-1.0,-0.0
506,-0.1428571428571428,-0.02909752216412821,-1.0,-0.0,-0.0,-0.0,-0.0,-0.0,-1.0,-1.0
507,-0.2142857142857143,-0.0025005683109797644,-0.0,-1.0,-0.0,-0.0,-0.0,-0.0,-1.0,-0.0
508,-0.42857142857142855,-0.042055012502841556,-0.0,-0.0,-0.0,-0.0,-0.0,-0.0,-1.0,-0.0
509,-0.5,-0.22914298704250965,-0.0,-0.0,-1.0,-0.0,-0.0,-0.0,-1.0,-0.0
510,-0.0,-0.08365537622186861,-0.0,-1.0,-0.0,-0.0,-0.0,-0.0,-1.0,-0.0
511,-0.6428571428571428,-0.02909752216412821,-0.0,-0.0,-0.0,-1.0,-0.0,-0.0,-1.0,-1.0
512,-0.2857142857142857,-0.010911570811548081,-0.0,-0.0,-0.0,-0.0,-0.0,-0.0,-1.0,-0.0
513,-0.2142857142857143,-0.02841554898840646,-0.0,-0.0,-1.0,-0.0,-0.0,-0.0,-1.0,-0.0
514,-0.0,-0.02432370993407593,-0.0,-0.0,-0.0,-1.0,-0.0,-0.0,-1.0,-0.0
515,-0.2142857142857143,-0.032734712434644236,-0.0,-0.0,-0.0,-0.0,-1.0,-0.0,-1.0,-0.0
516,-0.7857142857142857,-0.04341895885428507,-0.0,-0.0,-1.0,-0.0,-0.0,-0.0,-1.0,-0.0
517,-0.2142857142857143,-0.05518570237824613,-0.0,-0.0,-1.0,-0.0,-0.0,-0.0,-1.0,-1.0
518,-0.35714285714285715,-0.02682427824505569,-0.0,-0.0,-0.0,-0.0,-0.0,-0.0,-1.0,-0.0
519,-0.2857142857142857,-0.05518570237824613,-0.0,-0.0,-1.0,-0.0,-0.0,-0.0,-1.0,-1.0
520,-0.35714285714285715,-0.041373039327119804,-0.0,-0.0,-0.0,-0.0,-0.0,-0.0,-1.0,-0.0
521,-0.35714285714285715,-0.03523528074562401,-0.0,-0.0,-0.0,-1.0,-0.0,-0.0,-1.0,-1.0
522,-0.1428571428571428,-0.031825414867015234,-0.0,-0.0,-0.0,-0.0,-0.0,-0.0,-1.0,-0.0
523,-0.7142857142857143,-0.030688792907478973,-0.0,-1.0,-0.0,-0.0,-0.0,-0.0,-1.0,-0.0
524,-0.2857142857142857,-0.003409865878608774,-0.0,-0.0,-0.0,-0.0,-0.0,-1.0,-1.0,-0.0
525,-0.0714285714285714,-0.013639463514435096,-0.0,-0.0,-1.0,-0.0,-0.0,-0.0,-1.0,-0.0
526,-0.5714285714285714,-0.22914298704250965,-0.0,-0.0,-1.0,-0.0,-0.0,-0.0,-1.0,-0.0
527,-0.0714285714285714,-0.956581041145715,-0.0,-1.0,-0.0,-0.0,-0.0,-0.0,-1.0,-0.0
528,-0.0,-0.0,-0.0,-0.0,-0.0,-0.0,-0.0,-0.0,-0.0,-0.0
