target_project,time_steps,method,cp_id,spearman_cor,js_div,defect_ratio,median_feature,maximum_feature,std_feature,n_commit
ansible,1000,odasc_aio,0,nan,nan,0,0,0,0,0
ansible,1000,odasc_aio,1,-0.411416,-0.295853,-0.237598,-0.078075,-0.183943,-0.245827,-0.031929
ansible,1000,odasc_aio,2,-0.581705,-0.327077,-0.296022,-0.419027,-0.477235,-0.401316,-0.061689
ansible,1000,odasc_aio,3,-0.402521,-0.306388,-0.015119,-0.378269,-0.360426,-0.280389,-0.375835
ansible,1000,odasc_aio,4,nan,nan,nan,0,0,0,-0.034936
ansible,1000,odasc_aio,5,-0.2435,-0.31262,-0.37075,-0.39216,-0.411775,-0.238787,-0.389369
ansible,1000,odasc_aio,6,-0.572754,-0.319419,-0.369391,-0.526262,-0.348575,-0.39229,-0.096066
ansible,1000,odasc_aio,7,-0.439413,-0.30387,-0.021565,-0.253996,-0.308738,-0.189358,-0.043574
ansible,1000,odasc_aio,8,nan,nan,nan,0,0,0,-0.034936
ansible,1000,odasc_aio,9,nan,nan,nan,0,0,0,-0.034936
ansible,1000,odasc_aio,10,-0.200991,-0.32336,-0.832707,-0.227405,-0.344922,-0.282261,-0.540339
ansible,1000,odasc_aio,11,-0.304457,-0.311218,-0.53677,-0.253222,-0.284817,-0.298601,-0.017101
ansible,1000,odasc_aio,12,-0.194194,-0.321999,-0.022924,-0.188019,-0.381593,-0.297341,-0.173317
ansible,1000,odasc_aio,13,-0.491746,-0.320763,-0.263413,-0.420026,-0.357094,-0.260129,-0.279245
ansible,1000,odasc_aio,14,-0.21384,-0.302467,-0.710424,-0.129549,-0.147606,-0.25234,-0.087428
ansible,1000,odasc_aio,15,-0.660756,-0.31966,-0.268848,-0.344152,-0.232682,-0.279201,-0.073125
ansible,1000,odasc_aio,16,-0.207745,-0.341671,-0.154224,-0.154394,-0.200328,-0.345971,-0.031229
ansible,1000,odasc_aio,17,-0.372888,-0.345137,-0.070478,-0.206267,-0.434503,-0.264519,-0.965064
ansible,1000,odasc_aio,18,-0.614026,-0.30849,-0.167293,-0.272083,-0.352639,-0.254073,-0.312607
ansible,1000,odasc_aio,19,nan,nan,nan,0,0,0,-0.034936
ansible,1000,odasc_aio,20,-0.315135,-0.317921,-0.425098,-0.293029,-0.392182,-0.279446,-0.253331
ansible,1000,odasc_aio,21,nan,nan,nan,0,0,0,-0.034936
ansible,1000,odasc_aio,22,nan,nan,nan,0,0,0,-0.034936
brackets,1000,odasc_aio,0,-0.087478,-0.302528,-0.217245,-0.114405,-0.305425,-0.175342,-0.023832
brackets,1000,odasc_aio,1,nan,nan,0,0,0,0,0
brackets,1000,odasc_aio,2,-0.258304,-0.307499,-0.094948,-0.539656,-0.399824,-0.471941,-0.050856
brackets,1000,odasc_aio,3,-0.187089,-0.302062,-0.108425,-0.398229,-0.352093,-0.510469,-0.376851
brackets,1000,odasc_aio,4,nan,nan,nan,0,0,0,-0.037084
brackets,1000,odasc_aio,5,-0.192588,-0.27993,-0.225807,-0.352502,-0.32665,-0.292533,-0.397416
brackets,1000,odasc_aio,6,-0.175091,-0.329515,-0.015564,-0.454771,-0.4818,-0.528822,-0.092542
brackets,1000,odasc_aio,7,-0.212356,-0.294297,-0.272846,-0.248433,-0.344985,-0.386978,-0.030922
brackets,1000,odasc_aio,8,nan,nan,nan,0,0,0,-0.037084
brackets,1000,odasc_aio,9,nan,nan,nan,0,0,0,-0.037084
brackets,1000,odasc_aio,10,-0.143164,-0.307489,-0.514216,-0.206269,-0.313423,-0.338107,-0.568878
brackets,1000,odasc_aio,11,-0.04578,-0.303962,-0.238804,-0.185865,-0.174876,-0.30945,-0.020751
brackets,1000,odasc_aio,12,-0.039804,-0.288897,-0.17042,-0.173921,-0.435836,-0.430908,-0.161105
brackets,1000,odasc_aio,13,-0.099521,-0.28963,-0.2002,-0.326219,-0.27345,-0.310645,-0.278333
brackets,1000,odasc_aio,14,-0.084042,-0.29569,-0.196157,-0.154347,-0.222158,-0.205693,-0.085824
brackets,1000,odasc_aio,15,-0.247156,-0.292654,-0.000739,-0.286964,-0.270371,-0.27505,-0.044991
brackets,1000,odasc_aio,16,-0.057435,-0.314649,-0.430615,-0.244038,-0.301496,-0.368922,-0.033929
brackets,1000,odasc_aio,17,-0.021523,-0.333936,-0.303843,-0.171137,-0.357758,-0.418254,-0.962916
brackets,1000,odasc_aio,18,-0.111988,-0.293297,-0.485784,-0.18727,-0.290377,-0.350184,-0.276328
brackets,1000,odasc_aio,19,nan,nan,nan,0,0,0,-0.037084
brackets,1000,odasc_aio,20,-0.031106,-0.288114,-0.224459,-0.297543,-0.307725,-0.315311,-0.258399
brackets,1000,odasc_aio,21,nan,nan,nan,0,0,0,-0.037084
brackets,1000,odasc_aio,22,nan,nan,nan,0,0,0,-0.037084
broadleaf,1000,odasc_aio,0,nan,nan,nan,0,0,0,-0.081671
broadleaf,1000,odasc_aio,1,nan,nan,nan,0,0,0,-0.081671
broadleaf,1000,odasc_aio,2,nan,nan,0,0,0,0,0
broadleaf,1000,odasc_aio,3,-0.111082,-0.281789,-0.410928,-0.277099,-0.313683,-0.343348,-0.271501
broadleaf,1000,odasc_aio,4,nan,nan,nan,0,0,0,-0.081671
broadleaf,1000,odasc_aio,5,-0.281833,-0.346397,-0.758129,-0.484346,-0.361624,-0.522648,-0.50654
broadleaf,1000,odasc_aio,6,nan,nan,nan,0,0,0,-0.081671
broadleaf,1000,odasc_aio,7,nan,nan,nan,0,0,0,-0.081671
broadleaf,1000,odasc_aio,8,nan,nan,nan,0,0,0,-0.081671
broadleaf,1000,odasc_aio,9,nan,nan,nan,0,0,0,-0.081671
broadleaf,1000,odasc_aio,10,-0.309246,-0.415224,-0.262684,-0.603854,-0.545347,-0.595599,-0.918329
broadleaf,1000,odasc_aio,11,nan,nan,nan,0,0,0,-0.081671
broadleaf,1000,odasc_aio,12,-0.191138,-0.282762,-0.813395,-0.185713,-0.379418,-0.365898,-0.059925
broadleaf,1000,odasc_aio,13,nan,nan,nan,0,0,0,-0.081671
broadleaf,1000,odasc_aio,14,nan,nan,nan,0,0,0,-0.081671
broadleaf,1000,odasc_aio,15,nan,nan,nan,0,0,0,-0.081671
broadleaf,1000,odasc_aio,16,nan,nan,nan,0,0,0,-0.081671
broadleaf,1000,odasc_aio,17,-0.188872,-0.307104,-0.945384,-0.286806,-0.4044,-0.40848,-0.852109
broadleaf,1000,odasc_aio,18,nan,nan,nan,0,0,0,-0.081671
broadleaf,1000,odasc_aio,19,nan,nan,nan,0,0,0,-0.081671
broadleaf,1000,odasc_aio,20,-0.172221,-0.325425,-1,-0.371517,-0.283286,-0.390896,-0.124918
broadleaf,1000,odasc_aio,21,nan,nan,nan,0,0,0,-0.081671
broadleaf,1000,odasc_aio,22,nan,nan,nan,0,0,0,-0.081671
camel,1000,odasc_aio,0,nan,nan,nan,0,0,0,-0.117171
camel,1000,odasc_aio,1,nan,nan,nan,0,0,0,-0.117171
camel,1000,odasc_aio,2,nan,nan,nan,0,0,0,-0.117171
camel,1000,odasc_aio,3,nan,nan,0,0,0,0,0
camel,1000,odasc_aio,4,nan,nan,nan,0,0,0,-0.117171
camel,1000,odasc_aio,5,-0.131378,-0.336454,-0.236559,-0.611923,-0.510916,-0.503028,-0.378607
camel,1000,odasc_aio,6,nan,nan,nan,0,0,0,-0.117171
camel,1000,odasc_aio,7,nan,nan,nan,0,0,0,-0.117171
camel,1000,odasc_aio,8,nan,nan,nan,0,0,0,-0.117171
camel,1000,odasc_aio,9,nan,nan,nan,0,0,0,-0.117171
camel,1000,odasc_aio,10,-0.190212,-0.425171,-0.763441,-0.716443,-0.689316,-0.740739,-0.882829
camel,1000,odasc_aio,11,nan,nan,nan,0,0,0,-0.117171
camel,1000,odasc_aio,12,nan,nan,nan,0,0,0,-0.117171
camel,1000,odasc_aio,13,nan,nan,nan,0,0,0,-0.117171
camel,1000,odasc_aio,14,nan,nan,nan,0,0,0,-0.117171
camel,1000,odasc_aio,15,nan,nan,nan,0,0,0,-0.117171
camel,1000,odasc_aio,16,nan,nan,nan,0,0,0,-0.117171
camel,1000,odasc_aio,17,-0.395665,-0.318316,-0.053763,-0.503746,-0.611968,-0.68055,-0.569083
camel,1000,odasc_aio,18,nan,nan,nan,0,0,0,-0.117171
camel,1000,odasc_aio,19,nan,nan,nan,0,0,0,-0.117171
camel,1000,odasc_aio,20,-0.334311,-0.33397,-0.333333,-0.521553,-0.476716,-0.456519,-0.036829
camel,1000,odasc_aio,21,nan,nan,nan,0,0,0,-0.117171
camel,1000,odasc_aio,22,nan,nan,nan,0,0,0,-0.117171
corefx,1000,odasc_aio,0,-0.34089,-0.359448,-0.119206,-0.207061,-0.435442,-0.433243,-0.209752
corefx,1000,odasc_aio,1,-0.2129,-0.351254,-0.652759,-0.31905,-0.277615,-0.3817,-0.222514
corefx,1000,odasc_aio,2,-0.186677,-0.298794,-0.56365,-0.269471,-0.267745,-0.32911,-0.163188
corefx,1000,odasc_aio,3,-0.124063,-0.31129,-0.142308,-0.34002,-0.338364,-0.447207,-0.42759
corefx,1000,odasc_aio,4,nan,nan,0,0,0,0,0
corefx,1000,odasc_aio,5,-0.11584,-0.318618,-0.418436,-0.42269,-0.323014,-0.37722,-0.433458
corefx,1000,odasc_aio,6,-0.328549,-0.297305,-0.304025,-0.301489,-0.400246,-0.243933,-0.271177
corefx,1000,odasc_aio,7,-0.193568,-0.303872,-0.26112,-0.306096,-0.25402,-0.274585,-0.200091
corefx,1000,odasc_aio,8,-0.350501,-0.335141,-0.04471,-0.194216,-0.514585,-0.26281,-0.019227
corefx,1000,odasc_aio,9,nan,nan,nan,0,0,0,-0.023831
corefx,1000,odasc_aio,10,-0.240627,-0.356549,-0.95529,-0.389705,-0.296883,-0.411777,-0.388493
corefx,1000,odasc_aio,11,-0.162328,-0.301415,-0.430537,-0.230591,-0.286377,-0.282164,-0.075261
corefx,1000,odasc_aio,12,-0.123493,-0.326407,-0.409635,-0.227212,-0.41589,-0.324312,-0.211922
corefx,1000,odasc_aio,13,-0.15937,-0.314975,-0.247919,-0.325812,-0.340046,-0.311263,-0.381718
corefx,1000,odasc_aio,14,-0.269746,-0.311873,-0.716566,-0.213859,-0.284922,-0.354052,-0.103266
corefx,1000,odasc_aio,15,-0.220067,-0.366718,-0.730867,-0.445128,-0.428416,-0.48941,-0.173064
corefx,1000,odasc_aio,16,-0.090275,-0.354709,-0.084714,-0.258437,-0.438478,-0.460646,-0.0125
corefx,1000,odasc_aio,17,-0.111241,-0.344534,-0.25892,-0.24356,-0.447153,-0.417343,-0.976169
corefx,1000,odasc_aio,18,-0.160884,-0.322825,-0.029309,-0.272559,-0.282111,-0.256002,-0.678013
corefx,1000,odasc_aio,19,nan,nan,nan,0,0,0,-0.023831
corefx,1000,odasc_aio,20,-0.145046,-0.365504,-0.195114,-0.304162,-0.423605,-0.42413,-0.320269
corefx,1000,odasc_aio,21,nan,nan,nan,0,0,0,-0.023831
corefx,1000,odasc_aio,22,-0.292613,-0.345078,-0.030181,-0.222445,-0.432088,-0.448962,-0.011235
django,1000,odasc_aio,0,nan,nan,nan,0,0,0,-0.29469
django,1000,odasc_aio,1,nan,nan,nan,0,0,0,-0.29469
django,1000,odasc_aio,2,nan,nan,nan,0,0,0,-0.29469
django,1000,odasc_aio,3,nan,nan,nan,0,0,0,-0.29469
django,1000,odasc_aio,4,nan,nan,nan,0,0,0,-0.29469
django,1000,odasc_aio,5,nan,nan,0,0,0,0,0
django,1000,odasc_aio,6,nan,nan,nan,0,0,0,-0.29469
django,1000,odasc_aio,7,nan,nan,nan,0,0,0,-0.29469
django,1000,odasc_aio,8,nan,nan,nan,0,0,0,-0.29469
django,1000,odasc_aio,9,nan,nan,nan,0,0,0,-0.29469
django,1000,odasc_aio,10,-0.079408,-0.382797,-0.15061,-0.601704,-0.650523,-0.697678,-0.70531
django,1000,odasc_aio,11,nan,nan,nan,0,0,0,-0.29469
django,1000,odasc_aio,12,nan,nan,nan,0,0,0,-0.29469
django,1000,odasc_aio,13,nan,nan,nan,0,0,0,-0.29469
django,1000,odasc_aio,14,nan,nan,nan,0,0,0,-0.29469
django,1000,odasc_aio,15,nan,nan,nan,0,0,0,-0.29469
django,1000,odasc_aio,16,nan,nan,nan,0,0,0,-0.29469
django,1000,odasc_aio,17,-0.328872,-0.307316,-0.84939,-0.584697,-0.672467,-0.667321,-0.459292
django,1000,odasc_aio,18,nan,nan,nan,0,0,0,-0.29469
django,1000,odasc_aio,19,nan,nan,nan,0,0,0,-0.29469
django,1000,odasc_aio,20,nan,nan,nan,0,0,0,-0.29469
django,1000,odasc_aio,21,nan,nan,nan,0,0,0,-0.29469
django,1000,odasc_aio,22,nan,nan,nan,0,0,0,-0.29469
elasticsearch,1000,odasc_aio,0,nan,nan,nan,0,0,0,-0.057092
elasticsearch,1000,odasc_aio,1,nan,nan,nan,0,0,0,-0.057092
elasticsearch,1000,odasc_aio,2,-0.146758,-0.276538,-0.368517,-0.246032,-0.316113,-0.397548,-0.047491
elasticsearch,1000,odasc_aio,3,-0.194093,-0.266375,-0.239735,-0.171305,-0.342351,-0.335866,-0.36387
elasticsearch,1000,odasc_aio,4,nan,nan,nan,0,0,0,-0.057092
elasticsearch,1000,odasc_aio,5,-0.233449,-0.320354,-0.745663,-0.403314,-0.456392,-0.364276,-0.434335
elasticsearch,1000,odasc_aio,6,nan,nan,0,0,0,0,0
elasticsearch,1000,odasc_aio,7,nan,nan,nan,0,0,0,-0.057092
elasticsearch,1000,odasc_aio,8,nan,nan,nan,0,0,0,-0.057092
elasticsearch,1000,odasc_aio,9,nan,nan,nan,0,0,0,-0.057092
elasticsearch,1000,odasc_aio,10,-0.496968,-0.360408,-0.20294,-0.42229,-0.481089,-0.454991,-0.790319
elasticsearch,1000,odasc_aio,11,nan,nan,nan,0,0,0,-0.057092
elasticsearch,1000,odasc_aio,12,-0.279906,-0.299308,-0.374649,-0.316165,-0.325365,-0.454485,-0.049834
elasticsearch,1000,odasc_aio,13,-0.182165,-0.326938,-0.763371,-0.436026,-0.221483,-0.278679,-0.02366
elasticsearch,1000,odasc_aio,14,-0.496046,-0.299821,-0.143304,-0.321404,-0.504217,-0.365739,-0.008401
elasticsearch,1000,odasc_aio,15,-0.247438,-0.270182,-1,-0.211902,-0.399397,-0.366076,-0.046005
elasticsearch,1000,odasc_aio,16,nan,nan,nan,0,0,0,-0.057092
elasticsearch,1000,odasc_aio,17,-0.356966,-0.310767,-0.405311,-0.466435,-0.523464,-0.438444,-0.942908
elasticsearch,1000,odasc_aio,18,-0.353252,-0.333773,-0.179567,-0.401166,-0.463586,-0.449361,-0.028689
elasticsearch,1000,odasc_aio,19,nan,nan,nan,0,0,0,-0.057092
elasticsearch,1000,odasc_aio,20,-0.355416,-0.326449,-0.429841,-0.351764,-0.359647,-0.399303,-0.212196
elasticsearch,1000,odasc_aio,21,nan,nan,nan,0,0,0,-0.057092
elasticsearch,1000,odasc_aio,22,nan,nan,nan,0,0,0,-0.057092
fabric,1000,odasc_aio,0,nan,nan,nan,0,0,0,-0.040526
fabric,1000,odasc_aio,1,nan,nan,nan,0,0,0,-0.040526
fabric,1000,odasc_aio,2,-0.166317,-0.278188,-0.230032,-0.325599,-0.305609,-0.312448,-0.043649
fabric,1000,odasc_aio,3,-0.158246,-0.280747,-0.227077,-0.29306,-0.30101,-0.222449,-0.376131
fabric,1000,odasc_aio,4,nan,nan,nan,0,0,0,-0.040526
fabric,1000,odasc_aio,5,-0.194404,-0.314266,-0.423532,-0.370644,-0.350761,-0.254164,-0.408827
fabric,1000,odasc_aio,6,-0.110233,-0.282291,-0.119249,-0.230082,-0.314434,-0.292145,-0.07736
fabric,1000,odasc_aio,7,nan,nan,0,0,0,0,0
fabric,1000,odasc_aio,8,nan,nan,nan,0,0,0,-0.040526
fabric,1000,odasc_aio,9,nan,nan,nan,0,0,0,-0.040526
fabric,1000,odasc_aio,10,-0.258701,-0.326493,-0.865187,-0.429114,-0.362415,-0.303141,-0.610239
fabric,1000,odasc_aio,11,-0.325692,-0.288755,-0.554211,-0.127098,-0.261853,-0.178154,-0.025638
fabric,1000,odasc_aio,12,-0.134948,-0.303039,-0.374788,-0.267914,-0.43586,-0.365926,-0.138007
fabric,1000,odasc_aio,13,-0.226006,-0.339803,-0.544655,-0.367358,-0.367165,-0.320267,-0.263722
fabric,1000,odasc_aio,14,-0.282192,-0.311057,-0.210829,-0.341857,-0.156183,-0.254979,-0.080037
fabric,1000,odasc_aio,15,-0.248709,-0.29178,-0.305364,-0.295048,-0.394145,-0.343173,-0.009006
fabric,1000,odasc_aio,16,nan,nan,nan,0,0,0,-0.040526
fabric,1000,odasc_aio,17,-0.263798,-0.378097,-0.071981,-0.405584,-0.433729,-0.486588,-0.959474
fabric,1000,odasc_aio,18,-0.308409,-0.324973,-0.134813,-0.393084,-0.297139,-0.344788,-0.200398
fabric,1000,odasc_aio,19,nan,nan,nan,0,0,0,-0.040526
fabric,1000,odasc_aio,20,-0.263637,-0.34173,-0.142882,-0.383731,-0.376931,-0.361376,-0.257758
fabric,1000,odasc_aio,21,nan,nan,nan,0,0,0,-0.040526
fabric,1000,odasc_aio,22,nan,nan,nan,0,0,0,-0.040526
googleflutter,1000,odasc_aio,0,0,-0.329344,-0.280303,-0.162712,-0.338018,-0.394575,-0.263735
googleflutter,1000,odasc_aio,1,0,-0.353499,-0.333333,-0.267727,-0.46063,-0.295532,-0.222565
googleflutter,1000,odasc_aio,2,0,-0.314338,-0.195707,-0.31555,-0.487166,-0.334068,-0.17354
googleflutter,1000,odasc_aio,3,0,-0.323341,-0.159091,-0.421483,-0.560088,-0.442721,-0.445335
googleflutter,1000,odasc_aio,4,0,-0.288872,-0.059343,-0.272467,-0.38563,-0.26841,-0.030917
googleflutter,1000,odasc_aio,5,0,-0.344995,-0.390152,-0.513944,-0.495943,-0.383465,-0.43369
googleflutter,1000,odasc_aio,6,0,-0.304837,-0.625,-0.342766,-0.416393,-0.329519,-0.326437
googleflutter,1000,odasc_aio,7,0,-0.309125,-0.263889,-0.320259,-0.493407,-0.389131,-0.21624
googleflutter,1000,odasc_aio,8,nan,nan,0,0,0,0,0
googleflutter,1000,odasc_aio,9,nan,nan,nan,0,0,0,-0.022811
googleflutter,1000,odasc_aio,10,0,-0.335154,-1,-0.352955,-0.513155,-0.354457,-0.374161
googleflutter,1000,odasc_aio,11,0,-0.302029,-0.319444,-0.372671,-0.411937,-0.218269,-0.093278
googleflutter,1000,odasc_aio,12,0,-0.307099,-0.54798,-0.392661,-0.479087,-0.38371,-0.217952
googleflutter,1000,odasc_aio,13,0,-0.298394,-0.780303,-0.471392,-0.517337,-0.296533,-0.388135
googleflutter,1000,odasc_aio,14,0,-0.316895,-0.141414,-0.264149,-0.459189,-0.334308,-0.114331
googleflutter,1000,odasc_aio,15,0,-0.375994,-0.417929,-0.485431,-0.434633,-0.368503,-0.178015
googleflutter,1000,odasc_aio,16,0,-0.344871,-0.147274,-0.224165,-0.200883,-0.232818,-0.008266
googleflutter,1000,odasc_aio,17,0,-0.348068,-0.22601,-0.290149,-0.576679,-0.355888,-0.977189
googleflutter,1000,odasc_aio,18,0,-0.340596,-0.006313,-0.321233,-0.490451,-0.310458,-0.726995
googleflutter,1000,odasc_aio,19,nan,nan,nan,0,0,0,-0.022811
googleflutter,1000,odasc_aio,20,0,-0.331799,-0.243687,-0.283364,-0.568619,-0.285117,-0.32678
googleflutter,1000,odasc_aio,21,nan,nan,nan,0,0,0,-0.022811
googleflutter,1000,odasc_aio,22,0,-0.332323,-0.015839,-0.104656,-0.20821,-0.222722,-0.010024
homebrew,1000,odasc_aio,0,nan,nan,nan,0,0,0,-0.496376
homebrew,1000,odasc_aio,1,nan,nan,nan,0,0,0,-0.209278
homebrew,1000,odasc_aio,2,nan,nan,nan,0,0,0,-0.219428
homebrew,1000,odasc_aio,3,nan,nan,nan,0,0,0,-0.563926
homebrew,1000,odasc_aio,4,nan,nan,nan,0,0,0,-0.309562
homebrew,1000,odasc_aio,5,nan,nan,nan,0,0,0,-0.449487
homebrew,1000,odasc_aio,6,nan,nan,nan,0,0,0,-0.55728
homebrew,1000,odasc_aio,7,nan,nan,nan,0,0,0,-0.224874
homebrew,1000,odasc_aio,8,nan,nan,nan,0,0,0,-0.121606
homebrew,1000,odasc_aio,9,nan,nan,nan,0,0,0,0
homebrew,1000,odasc_aio,10,nan,nan,nan,0,0,0,-0.338752
homebrew,1000,odasc_aio,11,nan,nan,nan,0,0,0,-0.145391
homebrew,1000,odasc_aio,12,nan,nan,nan,0,0,0,-0.301594
homebrew,1000,odasc_aio,13,nan,nan,nan,0,0,0,-0.434292
homebrew,1000,odasc_aio,14,nan,nan,nan,0,0,0,-0.130616
homebrew,1000,odasc_aio,15,nan,nan,nan,0,0,0,-0.2117
homebrew,1000,odasc_aio,16,nan,nan,nan,0,0,0,-0.1153
homebrew,1000,odasc_aio,17,nan,nan,nan,0,0,0,-1
homebrew,1000,odasc_aio,18,nan,nan,nan,0,0,0,-0.938136
homebrew,1000,odasc_aio,19,nan,nan,nan,0,0,0,-0.377673
homebrew,1000,odasc_aio,20,nan,nan,nan,0,0,0,-0.347401
homebrew,1000,odasc_aio,21,nan,nan,nan,0,0,0,-0.429146
homebrew,1000,odasc_aio,22,nan,nan,nan,0,0,0,-0.333607
jgroups,1000,odasc_aio,0,nan,nan,nan,0,0,0,-1
jgroups,1000,odasc_aio,1,nan,nan,nan,0,0,0,-1
jgroups,1000,odasc_aio,2,nan,nan,nan,0,0,0,-1
jgroups,1000,odasc_aio,3,nan,nan,nan,0,0,0,-1
jgroups,1000,odasc_aio,4,nan,nan,nan,0,0,0,-1
jgroups,1000,odasc_aio,5,nan,nan,nan,0,0,0,-1
jgroups,1000,odasc_aio,6,nan,nan,nan,0,0,0,-1
jgroups,1000,odasc_aio,7,nan,nan,nan,0,0,0,-1
jgroups,1000,odasc_aio,8,nan,nan,nan,0,0,0,-1
jgroups,1000,odasc_aio,9,nan,nan,nan,0,0,0,-1
jgroups,1000,odasc_aio,10,nan,nan,nan,0,0,0,0
jgroups,1000,odasc_aio,11,nan,nan,nan,0,0,0,-1
jgroups,1000,odasc_aio,12,nan,nan,nan,0,0,0,-1
jgroups,1000,odasc_aio,13,nan,nan,nan,0,0,0,-1
jgroups,1000,odasc_aio,14,nan,nan,nan,0,0,0,-1
jgroups,1000,odasc_aio,15,nan,nan,nan,0,0,0,-1
jgroups,1000,odasc_aio,16,nan,nan,nan,0,0,0,-1
jgroups,1000,odasc_aio,17,nan,nan,nan,0,0,0,-1
jgroups,1000,odasc_aio,18,nan,nan,nan,0,0,0,-1
jgroups,1000,odasc_aio,19,nan,nan,nan,0,0,0,-1
jgroups,1000,odasc_aio,20,nan,nan,nan,0,0,0,-1
jgroups,1000,odasc_aio,21,nan,nan,nan,0,0,0,-1
jgroups,1000,odasc_aio,22,nan,nan,nan,0,0,0,-1
neutron,1000,odasc_aio,0,-0.219904,-0.306034,-0.508333,-0.342939,-0.292226,-0.256174,-0.0481
neutron,1000,odasc_aio,1,-0.186108,-0.311569,-0.145,-0.419588,-0.287188,-0.2819,-0.082083
neutron,1000,odasc_aio,2,-0.032912,-0.268948,-0.278333,-0.174062,-0.271634,-0.180187,-0.095601
neutron,1000,odasc_aio,3,-0.103265,-0.271835,-0.245,-0.271864,-0.334301,-0.312991,-0.384455
neutron,1000,odasc_aio,4,nan,nan,nan,0,0,0,-0.031551
neutron,1000,odasc_aio,5,-0.071748,-0.259333,-0.118333,-0.210854,-0.256861,-0.272695,-0.395098
neutron,1000,odasc_aio,6,-0.149471,-0.276738,-0.111667,-0.437622,-0.345828,-0.348061,-0.108328
neutron,1000,odasc_aio,7,-0.204194,-0.280415,-0.483333,-0.377856,-0.317327,-0.203633,-0.067997
neutron,1000,odasc_aio,8,nan,nan,nan,0,0,0,-0.031551
neutron,1000,odasc_aio,9,nan,nan,nan,0,0,0,-0.031551
neutron,1000,odasc_aio,10,-0.120037,-0.336579,-0.423333,-0.520589,-0.278183,-0.29808,-0.495815
neutron,1000,odasc_aio,11,nan,nan,0,0,0,0,0
neutron,1000,odasc_aio,12,-0.131642,-0.284436,-0.285,-0.433361,-0.416972,-0.339252,-0.188864
neutron,1000,odasc_aio,13,-0.008741,-0.262874,-0.113333,-0.240836,-0.247968,-0.215705,-0.311973
neutron,1000,odasc_aio,14,-0.253515,-0.29263,-0.218333,-0.4419,-0.282101,-0.215725,-0.090295
neutron,1000,odasc_aio,15,-0.28715,-0.292211,-0.376667,-0.354609,-0.393295,-0.272825,-0.112971
neutron,1000,odasc_aio,16,-0.201857,-0.307533,-0.538617,-0.387395,-0.331941,-0.318718,-0.025677
neutron,1000,odasc_aio,17,-0.179677,-0.318812,-0.318333,-0.370333,-0.288245,-0.339271,-0.968449
neutron,1000,odasc_aio,18,-0.17082,-0.288191,-0.623333,-0.502163,-0.290697,-0.383811,-0.405205
neutron,1000,odasc_aio,19,nan,nan,nan,0,0,0,-0.031551
neutron,1000,odasc_aio,20,-0.169988,-0.274763,-0.243333,-0.462148,-0.285608,-0.222977,-0.264631
neutron,1000,odasc_aio,21,nan,nan,nan,0,0,0,-0.031551
neutron,1000,odasc_aio,22,nan,nan,nan,0,0,0,-0.031551
node,1000,odasc_aio,0,nan,nan,nan,0,0,0,-0.068674
node,1000,odasc_aio,1,nan,nan,nan,0,0,0,-0.068674
node,1000,odasc_aio,2,-0.116819,-0.288323,-0.188312,-0.14594,-0.149179,-0.185298,-0.044545
node,1000,odasc_aio,3,-0.180163,-0.276058,-0.015152,-0.192691,-0.197734,-0.149566,-0.344951
node,1000,odasc_aio,4,nan,nan,nan,0,0,0,-0.068674
node,1000,odasc_aio,5,-0.157637,-0.302865,-0.166667,-0.28106,-0.167166,-0.224808,-0.475562
node,1000,odasc_aio,6,0,0,-0.80303,-0.511084,-0.566265,-0.80277,-0.066268
node,1000,odasc_aio,7,nan,nan,nan,0,0,0,-0.068674
node,1000,odasc_aio,8,nan,nan,nan,0,0,0,-0.068674
node,1000,odasc_aio,9,nan,nan,nan,0,0,0,-0.068674
node,1000,odasc_aio,10,-0.226085,-0.403844,-0.19697,-0.278265,-0.280535,-0.296038,-0.894274
node,1000,odasc_aio,11,nan,nan,nan,0,0,0,-0.068674
node,1000,odasc_aio,12,nan,nan,0,0,0,0,0
node,1000,odasc_aio,13,nan,nan,nan,0,0,0,-0.068674
node,1000,odasc_aio,14,-0.498489,-0.309878,-0.184286,-0.265751,-0.410478,-0.298867,-0.064481
node,1000,odasc_aio,15,-0.1994,-0.266124,-0.07068,-0.093647,-0.283254,-0.309854,-0.060562
node,1000,odasc_aio,16,nan,nan,nan,0,0,0,-0.068674
node,1000,odasc_aio,17,-0.038489,-0.295265,-0.083333,-0.129247,-0.235684,-0.133332,-0.931326
node,1000,odasc_aio,18,nan,nan,nan,0,0,0,-0.068674
node,1000,odasc_aio,19,nan,nan,nan,0,0,0,-0.068674
node,1000,odasc_aio,20,-0.121915,-0.295551,-0.046537,-0.212023,-0.114511,-0.184294,-0.190623
node,1000,odasc_aio,21,nan,nan,nan,0,0,0,-0.068674
node,1000,odasc_aio,22,nan,nan,nan,0,0,0,-0.068674
nova,1000,odasc_aio,0,nan,nan,nan,0,0,0,-0.054397
nova,1000,odasc_aio,1,nan,nan,nan,0,0,0,-0.054397
nova,1000,odasc_aio,2,-0.092086,-0.31304,-0.17877,-0.529877,-0.284888,-0.337819,-0.045467
nova,1000,odasc_aio,3,-0.111753,-0.285265,-0.250083,-0.403134,-0.325575,-0.239446,-0.361721
nova,1000,odasc_aio,4,nan,nan,nan,0,0,0,-0.054397
nova,1000,odasc_aio,5,-0.171922,-0.264901,-0.634844,-0.386054,-0.369403,-0.298126,-0.424013
nova,1000,odasc_aio,6,-0.087785,-0.31243,-0.306809,-0.453895,-0.325959,-0.330125,-0.013068
nova,1000,odasc_aio,7,nan,nan,nan,0,0,0,-0.054397
nova,1000,odasc_aio,8,nan,nan,nan,0,0,0,-0.054397
nova,1000,odasc_aio,9,nan,nan,nan,0,0,0,-0.054397
nova,1000,odasc_aio,10,-0.263323,-0.342244,-0.414422,-0.28285,-0.427841,-0.331043,-0.764552
nova,1000,odasc_aio,11,nan,nan,nan,0,0,0,-0.054397
nova,1000,odasc_aio,12,-0.085098,-0.296272,-0.351213,-0.257643,-0.365779,-0.335341,-0.056629
nova,1000,odasc_aio,13,nan,nan,0,0,0,0,0
nova,1000,odasc_aio,14,-0.359754,-0.302601,-0.301947,-0.117922,-0.310405,-0.302581,-0.006316
nova,1000,odasc_aio,15,-0.159306,-0.321531,-0.233208,-0.298051,-0.493386,-0.387797,-0.043507
nova,1000,odasc_aio,16,nan,nan,nan,0,0,0,-0.054397
nova,1000,odasc_aio,17,-0.369948,-0.321778,-0.365156,-0.163339,-0.415418,-0.256424,-0.945603
nova,1000,odasc_aio,18,-0.199937,-0.288553,-0.311622,-0.11935,-0.248016,-0.267364,-0.016444
nova,1000,odasc_aio,19,nan,nan,nan,0,0,0,-0.054397
nova,1000,odasc_aio,20,-0.179337,-0.291917,-0.194001,-0.303756,-0.379279,-0.236587,-0.213831
nova,1000,odasc_aio,21,nan,nan,nan,0,0,0,-0.054397
nova,1000,odasc_aio,22,nan,nan,nan,0,0,0,-0.054397
npm,1000,odasc_aio,0,nan,nan,nan,0,0,0,-0.056633
npm,1000,odasc_aio,1,nan,nan,nan,0,0,0,-0.056633
npm,1000,odasc_aio,2,-0.154951,-0.334442,-0.227591,-0.479037,-0.468133,-0.486419,-0.047109
npm,1000,odasc_aio,3,-0.347338,-0.290386,-0.098407,-0.371179,-0.428565,-0.335672,-0.363889
npm,1000,odasc_aio,4,nan,nan,nan,0,0,0,-0.056633
npm,1000,odasc_aio,5,-0.203026,-0.311331,-0.40375,-0.31458,-0.279778,-0.195122,-0.431803
npm,1000,odasc_aio,6,-0.169878,-0.303641,-0.089496,-0.325747,-0.460166,-0.352515,-0.005329
npm,1000,odasc_aio,7,nan,nan,nan,0,0,0,-0.056633
npm,1000,odasc_aio,8,nan,nan,nan,0,0,0,-0.056633
npm,1000,odasc_aio,9,nan,nan,nan,0,0,0,-0.056633
npm,1000,odasc_aio,10,-0.105149,-0.358948,-0.189319,-0.267277,-0.377185,-0.256474,-0.785544
npm,1000,odasc_aio,11,nan,nan,nan,0,0,0,-0.056633
npm,1000,odasc_aio,12,-0.283215,-0.304838,-0.233463,-0.186451,-0.441036,-0.448803,-0.051361
npm,1000,odasc_aio,13,-0.168028,-0.312061,-0.656975,-0.127027,-0.414972,-0.322703,-0.019615
npm,1000,odasc_aio,14,nan,nan,0,0,0,0,0
npm,1000,odasc_aio,15,-0.162636,-0.316915,-0.810681,-0.249723,-0.266376,-0.280502,-0.045635
npm,1000,odasc_aio,16,nan,nan,nan,0,0,0,-0.056633
npm,1000,odasc_aio,17,-0.288294,-0.304342,-0.300991,-0.206935,-0.413998,-0.356708,-0.943367
npm,1000,odasc_aio,18,-0.118606,-0.361904,-0.024185,-0.108291,-0.217133,-0.259799,-0.024887
npm,1000,odasc_aio,19,nan,nan,nan,0,0,0,-0.056633
npm,1000,odasc_aio,20,-0.201049,-0.312561,-0.371454,-0.218743,-0.399994,-0.335517,-0.212642
npm,1000,odasc_aio,21,nan,nan,nan,0,0,0,-0.056633
npm,1000,odasc_aio,22,nan,nan,nan,0,0,0,-0.056633
panda,1000,odasc_aio,0,nan,nan,nan,0,0,0,-0.041071
panda,1000,odasc_aio,1,nan,nan,nan,0,0,0,-0.041071
panda,1000,odasc_aio,2,-0.282055,-0.286328,-0.212435,-0.381957,-0.49296,-0.43729,-0.040331
panda,1000,odasc_aio,3,-0.300251,-0.257479,-0.150259,-0.265071,-0.40295,-0.370204,-0.372759
panda,1000,odasc_aio,4,nan,nan,nan,0,0,0,-0.041071
panda,1000,odasc_aio,5,-0.18965,-0.248589,-0.194301,-0.293952,-0.328795,-0.221727,-0.409472
panda,1000,odasc_aio,6,-0.212872,-0.269352,-0.492228,-0.274531,-0.277374,-0.401838,-0.075358
panda,1000,odasc_aio,7,-0.283846,-0.279748,-0.603271,-0.266609,-0.39839,-0.358977,-0.005838
panda,1000,odasc_aio,8,nan,nan,nan,0,0,0,-0.041071
panda,1000,odasc_aio,9,nan,nan,nan,0,0,0,-0.041071
panda,1000,odasc_aio,10,-0.204931,-0.326864,-0.704663,-0.285827,-0.343448,-0.344997,-0.615565
panda,1000,odasc_aio,11,-0.314656,-0.262851,-0.014424,-0.305097,-0.414161,-0.294127,-0.026599
panda,1000,odasc_aio,12,-0.185264,-0.27019,-0.062176,-0.248479,-0.39179,-0.464237,-0.130324
panda,1000,odasc_aio,13,-0.119447,-0.284521,-0.033679,-0.314114,-0.158075,-0.273515,-0.261429
panda,1000,odasc_aio,14,-0.184418,-0.286488,-0.601036,-0.21335,-0.320455,-0.173993,-0.078811
panda,1000,odasc_aio,15,nan,nan,0,0,0,0,0
panda,1000,odasc_aio,16,nan,nan,nan,0,0,0,-0.041071
panda,1000,odasc_aio,17,-0.258079,-0.298449,-0.443005,-0.348314,-0.316168,-0.37558,-0.958929
panda,1000,odasc_aio,18,-0.24468,-0.267339,-0.805699,-0.159836,-0.300816,-0.375181,-0.18455
panda,1000,odasc_aio,19,nan,nan,nan,0,0,0,-0.041071
panda,1000,odasc_aio,20,-0.157433,-0.27566,-0.362694,-0.217493,-0.293231,-0.302393,-0.251439
panda,1000,odasc_aio,21,nan,nan,nan,0,0,0,-0.041071
panda,1000,odasc_aio,22,nan,nan,nan,0,0,0,-0.041071
pytorch,1000,odasc_aio,0,-0.39714,-0.344131,-0.054254,-0.208253,-0.336027,-0.378982,-0.319895
pytorch,1000,odasc_aio,1,-0.255824,-0.313833,-0.030826,-0.227341,-0.389704,-0.183298,-0.215123
pytorch,1000,odasc_aio,2,-0.117668,-0.300194,-0.10111,-0.244312,-0.412149,-0.156342,-0.190005
pytorch,1000,odasc_aio,3,-0.188258,-0.299754,-0.007398,-0.311495,-0.529284,-0.295083,-0.466603
pytorch,1000,odasc_aio,4,-0.265118,-0.295608,-0.202219,-0.228726,-0.453918,-0.23869,-0.09189
pytorch,1000,odasc_aio,5,-0.163593,-0.314902,-0.167694,-0.367683,-0.489279,-0.366445,-0.432731
pytorch,1000,odasc_aio,6,-0.051809,-0.306645,-0.196054,-0.417807,-0.33345,-0.209802,-0.391099
pytorch,1000,odasc_aio,7,-0.096912,-0.304267,-0.213317,-0.311577,-0.422551,-0.331942,-0.229
pytorch,1000,odasc_aio,8,-0.0906,-0.271793,-0.236745,-0.307469,-0.34202,-0.186901,-0.042
pytorch,1000,odasc_aio,9,nan,nan,nan,0,0,0,-0.021594
pytorch,1000,odasc_aio,10,-0.20254,-0.332531,-0.24291,-0.372461,-0.430411,-0.290174,-0.358112
pytorch,1000,odasc_aio,11,-0.172557,-0.290406,-0.109741,-0.232658,-0.342803,-0.219419,-0.111236
pytorch,1000,odasc_aio,12,-0.234996,-0.305501,-0.149199,-0.179329,-0.467712,-0.284973,-0.231356
pytorch,1000,odasc_aio,13,-0.371818,-0.296913,-0.045623,-0.282671,-0.519169,-0.236937,-0.393844
pytorch,1000,odasc_aio,14,-0.202135,-0.341138,-0.183724,-0.288592,-0.434388,-0.320117,-0.118888
pytorch,1000,odasc_aio,15,-0.170278,-0.330531,-0.755857,-0.511998,-0.396177,-0.348284,-0.183909
pytorch,1000,odasc_aio,16,nan,nan,0,0,0,0,0
pytorch,1000,odasc_aio,17,-0.140766,-0.327934,-0.014797,-0.253403,-0.463942,-0.274057,-0.978406
pytorch,1000,odasc_aio,18,-0.359,-0.302853,-0.244143,-0.244066,-0.571134,-0.295246,-0.763153
pytorch,1000,odasc_aio,19,-0.227411,-0.282991,-0.014797,-0.173015,-0.349508,-0.229041,-0.022135
pytorch,1000,odasc_aio,20,-0.13271,-0.329205,-0.064118,-0.287658,-0.487849,-0.303295,-0.338334
pytorch,1000,odasc_aio,21,-0.299916,-0.304377,-0.217016,-0.235658,-0.352381,-0.249084,-0.055532
pytorch,1000,odasc_aio,22,-0.298615,-0.294849,-0.12947,-0.209581,-0.280392,-0.254921,-0.076305
rails,1000,odasc_aio,0,nan,nan,nan,0,0,0,-0.512834
rails,1000,odasc_aio,1,nan,nan,nan,0,0,0,-0.512834
rails,1000,odasc_aio,2,nan,nan,nan,0,0,0,-0.512834
rails,1000,odasc_aio,3,nan,nan,nan,0,0,0,-0.512834
rails,1000,odasc_aio,4,nan,nan,nan,0,0,0,-0.512834
rails,1000,odasc_aio,5,nan,nan,nan,0,0,0,-0.512834
rails,1000,odasc_aio,6,nan,nan,nan,0,0,0,-0.512834
rails,1000,odasc_aio,7,nan,nan,nan,0,0,0,-0.512834
rails,1000,odasc_aio,8,nan,nan,nan,0,0,0,-0.512834
rails,1000,odasc_aio,9,nan,nan,nan,0,0,0,-0.512834
rails,1000,odasc_aio,10,-0.136338,-0.339746,nan,-0.833333,-0.916667,-1,-0.487166
rails,1000,odasc_aio,11,nan,nan,nan,0,0,0,-0.512834
rails,1000,odasc_aio,12,nan,nan,nan,0,0,0,-0.512834
rails,1000,odasc_aio,13,nan,nan,nan,0,0,0,-0.512834
rails,1000,odasc_aio,14,nan,nan,nan,0,0,0,-0.512834
rails,1000,odasc_aio,15,nan,nan,nan,0,0,0,-0.512834
rails,1000,odasc_aio,16,nan,nan,nan,0,0,0,-0.512834
rails,1000,odasc_aio,17,nan,nan,nan,0,0,0,0
rails,1000,odasc_aio,18,nan,nan,nan,0,0,0,-0.512834
rails,1000,odasc_aio,19,nan,nan,nan,0,0,0,-0.512834
rails,1000,odasc_aio,20,nan,nan,nan,0,0,0,-0.512834
rails,1000,odasc_aio,21,nan,nan,nan,0,0,0,-0.512834
rails,1000,odasc_aio,22,nan,nan,nan,0,0,0,-0.512834
rust,1000,odasc_aio,0,nan,nan,nan,0,0,0,-0.050675
rust,1000,odasc_aio,1,nan,nan,nan,0,0,0,-0.050675
rust,1000,odasc_aio,2,-0.17527,-0.342906,-0.27667,-0.553054,-0.369169,-0.383288,-0.042609
rust,1000,odasc_aio,3,-0.183237,-0.308084,-0.013544,-0.401187,-0.364405,-0.38671,-0.356904
rust,1000,odasc_aio,4,nan,nan,nan,0,0,0,-0.050675
rust,1000,odasc_aio,5,-0.155374,-0.284221,-0.84803,-0.318555,-0.27686,-0.322013,-0.424318
rust,1000,odasc_aio,6,-0.198182,-0.347103,-0.007618,-0.471886,-0.433534,-0.422893,-0.027848
rust,1000,odasc_aio,7,nan,nan,nan,0,0,0,-0.050675
rust,1000,odasc_aio,8,nan,nan,nan,0,0,0,-0.050675
rust,1000,odasc_aio,9,nan,nan,nan,0,0,0,-0.050675
rust,1000,odasc_aio,10,-0.183867,-0.346938,-0.346201,-0.195089,-0.355184,-0.311029,-0.728822
rust,1000,odasc_aio,11,nan,nan,nan,0,0,0,-0.050675
rust,1000,odasc_aio,12,-0.118734,-0.315526,-0.497354,-0.25685,-0.315964,-0.409157,-0.077711
rust,1000,odasc_aio,13,-0.15514,-0.303174,-0.452008,-0.164633,-0.142776,-0.219309,-0.029116
rust,1000,odasc_aio,14,-0.199152,-0.297451,-0.222255,-0.133488,-0.202166,-0.243472,-0.025058
rust,1000,odasc_aio,15,-0.127846,-0.359372,-0.986456,-0.298784,-0.300205,-0.348768,-0.039312
rust,1000,odasc_aio,16,nan,nan,nan,0,0,0,-0.050675
rust,1000,odasc_aio,17,-0.118166,-0.305396,-0.043894,-0.160646,-0.340663,-0.294053,-0.949325
rust,1000,odasc_aio,18,nan,nan,0,0,0,0,0
rust,1000,odasc_aio,19,nan,nan,nan,0,0,0,-0.050675
rust,1000,odasc_aio,20,-0.034491,-0.288774,-0.39457,-0.210949,-0.2547,-0.336628,-0.226032
rust,1000,odasc_aio,21,nan,nan,nan,0,0,0,-0.050675
rust,1000,odasc_aio,22,nan,nan,nan,0,0,0,-0.050675
tensorflow,1000,odasc_aio,0,-0.212136,-0.335705,-0.042968,-0.25681,-0.416926,-0.444093,-0.306687
tensorflow,1000,odasc_aio,1,-0.169298,-0.278785,-0.674054,-0.217772,-0.325524,-0.233474,-0.21761
tensorflow,1000,odasc_aio,2,-0.167523,-0.250038,-0.274054,-0.164399,-0.28709,-0.200089,-0.186068
tensorflow,1000,odasc_aio,3,-0.128796,-0.30121,-0.098287,-0.239705,-0.477805,-0.384907,-0.461653
tensorflow,1000,odasc_aio,4,-0.143759,-0.283363,-0.239776,-0.144732,-0.24963,-0.198809,-0.074699
tensorflow,1000,odasc_aio,5,-0.115444,-0.265296,-0.316607,-0.444545,-0.396297,-0.263612,-0.434605
tensorflow,1000,odasc_aio,6,-0.243937,-0.301044,-0.041904,-0.307986,-0.456149,-0.243784,-0.379808
tensorflow,1000,odasc_aio,7,-0.256362,-0.274298,-0.313415,-0.180337,-0.325613,-0.26265,-0.230344
tensorflow,1000,odasc_aio,8,-0.168282,-0.2692,-0.295095,-0.198541,-0.286058,-0.147002,-0.031826
tensorflow,1000,odasc_aio,9,nan,nan,nan,0,0,0,-0.021897
tensorflow,1000,odasc_aio,10,-0.109498,-0.327541,-0.699586,-0.320039,-0.378327,-0.289375,-0.361857
tensorflow,1000,odasc_aio,11,-0.028672,-0.257183,-0.387883,-0.187148,-0.314523,-0.16639,-0.107183
tensorflow,1000,odasc_aio,12,-0.134666,-0.286518,-0.314479,-0.195424,-0.536589,-0.271438,-0.227758
tensorflow,1000,odasc_aio,13,-0.081851,-0.276321,-0.23682,-0.251675,-0.380528,-0.229983,-0.392456
tensorflow,1000,odasc_aio,14,-0.199085,-0.275364,-0.563415,-0.195424,-0.286505,-0.270088,-0.118339
tensorflow,1000,odasc_aio,15,-0.138519,-0.3488,-0.690011,-0.485743,-0.503453,-0.376944,-0.182605
tensorflow,1000,odasc_aio,16,-0.131866,-0.295212,-0.122579,-0.217878,-0.312991,-0.222722,-0.002345
tensorflow,1000,odasc_aio,17,-0.087964,-0.314719,-0.095095,-0.325548,-0.425058,-0.290257,-0.978103
tensorflow,1000,odasc_aio,18,-0.032073,-0.289032,-0.300414,-0.339021,-0.460311,-0.278331,-0.751923
tensorflow,1000,odasc_aio,19,nan,nan,0,0,0,0,0
tensorflow,1000,odasc_aio,20,-0.049101,-0.294623,-0.174054,-0.341564,-0.436248,-0.312469,-0.338031
tensorflow,1000,odasc_aio,21,-0.164144,-0.29555,-0.25467,-0.234629,-0.262731,-0.263119,-0.027333
tensorflow,1000,odasc_aio,22,-0.099337,-0.288568,-0.215308,-0.169689,-0.343543,-0.241514,-0.044868
tomcat,1000,odasc_aio,0,nan,nan,nan,0,0,0,-0.135697
tomcat,1000,odasc_aio,1,nan,nan,nan,0,0,0,-0.135697
tomcat,1000,odasc_aio,2,nan,nan,nan,0,0,0,-0.135697
tomcat,1000,odasc_aio,3,-0.242625,-0.315815,-0.585399,-0.485197,-0.469957,-0.474761,-0.07919
tomcat,1000,odasc_aio,4,nan,nan,nan,0,0,0,-0.135697
tomcat,1000,odasc_aio,5,-0.050266,-0.2863,-0.905512,-0.223968,-0.379516,-0.420389,-0.325591
tomcat,1000,odasc_aio,6,nan,nan,nan,0,0,0,-0.135697
tomcat,1000,odasc_aio,7,nan,nan,nan,0,0,0,-0.135697
tomcat,1000,odasc_aio,8,nan,nan,nan,0,0,0,-0.135697
tomcat,1000,odasc_aio,9,nan,nan,nan,0,0,0,-0.135697
tomcat,1000,odasc_aio,10,-0.170407,-0.394772,-0.755906,-0.396985,-0.47396,-0.625558,-0.864303
tomcat,1000,odasc_aio,11,nan,nan,nan,0,0,0,-0.135697
tomcat,1000,odasc_aio,12,nan,nan,nan,0,0,0,-0.135697
tomcat,1000,odasc_aio,13,nan,nan,nan,0,0,0,-0.135697
tomcat,1000,odasc_aio,14,nan,nan,nan,0,0,0,-0.135697
tomcat,1000,odasc_aio,15,nan,nan,nan,0,0,0,-0.135697
tomcat,1000,odasc_aio,16,nan,nan,nan,0,0,0,-0.135697
tomcat,1000,odasc_aio,17,-0.348213,-0.284613,-1,-0.290534,-0.462087,-0.516646,-0.566422
tomcat,1000,odasc_aio,18,nan,nan,nan,0,0,0,-0.135697
tomcat,1000,odasc_aio,19,nan,nan,nan,0,0,0,-0.135697
tomcat,1000,odasc_aio,20,nan,nan,0,0,0,0,0
tomcat,1000,odasc_aio,21,nan,nan,nan,0,0,0,-0.135697
tomcat,1000,odasc_aio,22,nan,nan,nan,0,0,0,-0.135697
vscode,1000,odasc_aio,0,-0.179635,-0.350785,-0.590147,-0.271349,-0.384952,-0.384647,-0.298408
vscode,1000,odasc_aio,1,-0.069934,-0.288506,-0.950229,-0.326213,-0.472958,-0.260245,-0.21982
vscode,1000,odasc_aio,2,-0.233468,-0.287477,-0.768131,-0.439932,-0.40919,-0.196938,-0.183743
vscode,1000,odasc_aio,3,-0.287909,-0.323245,-0.705373,-0.50722,-0.599041,-0.500803,-0.454871
vscode,1000,odasc_aio,4,-0.16601,-0.298066,-0.116896,-0.380525,-0.405822,-0.28476,-0.061552
vscode,1000,odasc_aio,5,-0.258558,-0.278537,-0.784592,-0.607936,-0.475352,-0.34136,-0.436722
vscode,1000,odasc_aio,6,-0.201971,-0.35274,-0.410106,-0.557708,-0.45253,-0.326752,-0.365594
vscode,1000,odasc_aio,7,-0.261949,-0.327628,-0.787678,-0.459892,-0.516282,-0.331251,-0.229084
vscode,1000,odasc_aio,8,-0.084019,-0.329593,-0.047713,-0.404966,-0.318472,-0.19763,-0.026166
vscode,1000,odasc_aio,9,nan,nan,nan,0,0,0,-0.022247
vscode,1000,odasc_aio,10,-0.300011,-0.33206,-0.952287,-0.361588,-0.463069,-0.331812,-0.366552
vscode,1000,odasc_aio,11,-0.209934,-0.283948,-0.827801,-0.390657,-0.378018,-0.220125,-0.10442
vscode,1000,odasc_aio,12,-0.25462,-0.316009,-0.802081,-0.398077,-0.444564,-0.400021,-0.225142
vscode,1000,odasc_aio,13,-0.486067,-0.300751,-0.804139,-0.443277,-0.44453,-0.312212,-0.391671
vscode,1000,odasc_aio,14,-0.310467,-0.2997,-0.887472,-0.386999,-0.473676,-0.372218,-0.118116
vscode,1000,odasc_aio,15,-0.244693,-0.29754,-0.884386,-0.548233,-0.327394,-0.36103,-0.182608
vscode,1000,odasc_aio,16,-0.270082,-0.327805,-0.130777,-0.083858,-0.203032,-0.212858,-0.005011
vscode,1000,odasc_aio,17,-0.15571,-0.288243,-0.696114,-0.377146,-0.526373,-0.335014,-0.977753
vscode,1000,odasc_aio,18,-0.11599,-0.310567,-0.472863,-0.388284,-0.512002,-0.35748,-0.746754
vscode,1000,odasc_aio,19,-0.302617,-0.37686,-0.497538,-0.406235,-0.264405,-0.312284,-0.017593
vscode,1000,odasc_aio,20,-0.249548,-0.299073,-0.7599,-0.373419,-0.548483,-0.261448,-0.335842
vscode,1000,odasc_aio,21,nan,nan,0,0,0,0,0
vscode,1000,odasc_aio,22,-0.142072,-0.331348,-0.014747,-0.07527,-0.159209,-0.204772,-0.012693
wp-calypso,1000,odasc_aio,0,-0.134193,-0.340609,-0.484324,-0.159123,-0.201008,-0.32588,-0.294252
wp-calypso,1000,odasc_aio,1,-0.174383,-0.350097,-0.410026,-0.229387,-0.21328,-0.271778,-0.219824
wp-calypso,1000,odasc_aio,2,-0.164487,-0.315424,-0.328108,-0.262552,-0.277299,-0.231984,-0.181918
wp-calypso,1000,odasc_aio,3,-0.189819,-0.331092,-0.339538,-0.321694,-0.373745,-0.39169,-0.452617
wp-calypso,1000,odasc_aio,4,-0.071128,-0.317976,-0.078544,-0.253053,-0.214641,-0.242208,-0.058645
wp-calypso,1000,odasc_aio,5,-0.524557,-0.358921,-0.688166,-0.524427,-0.279994,-0.370069,-0.436388
wp-calypso,1000,odasc_aio,6,-0.208212,-0.330928,-0.745318,-0.286659,-0.361905,-0.323276,-0.361134
wp-calypso,1000,odasc_aio,7,-0.295406,-0.323914,-0.364304,-0.227657,-0.328774,-0.378449,-0.227927
wp-calypso,1000,odasc_aio,8,-0.234683,-0.298567,-0.022425,-0.205873,-0.16914,-0.209408,-0.023328
wp-calypso,1000,odasc_aio,9,nan,nan,nan,0,0,0,-0.022302
wp-calypso,1000,odasc_aio,10,-0.275647,-0.336914,-0.970117,-0.299582,-0.281147,-0.332791,-0.367184
wp-calypso,1000,odasc_aio,11,-0.108815,-0.330649,-0.627204,-0.321119,-0.215927,-0.244133,-0.103226
wp-calypso,1000,odasc_aio,12,-0.220761,-0.352794,-0.573862,-0.320466,-0.391096,-0.40041,-0.224021
wp-calypso,1000,odasc_aio,13,-0.256241,-0.334908,-0.79104,-0.362782,-0.339991,-0.276884,-0.390334
wp-calypso,1000,odasc_aio,14,-0.401912,-0.33448,-0.147126,-0.198294,-0.335417,-0.348964,-0.117223
wp-calypso,1000,odasc_aio,15,-0.318921,-0.37928,-0.543381,-0.400899,-0.23306,-0.290914,-0.182208
wp-calypso,1000,odasc_aio,16,-0.18342,-0.331134,-0.290075,-0.154061,-0.212405,-0.175234,-0.005626
wp-calypso,1000,odasc_aio,17,-0.195148,-0.347713,-0.379545,-0.263098,-0.293861,-0.342917,-0.977698
wp-calypso,1000,odasc_aio,18,-0.08739,-0.341831,-0.018615,-0.240394,-0.273365,-0.348171,-0.744726
wp-calypso,1000,odasc_aio,19,-0.405602,-0.47748,-0.977575,-0.361439,-0.325727,-0.400825,-0.02027
wp-calypso,1000,odasc_aio,20,-0.234751,-0.35912,-0.370019,-0.240729,-0.232375,-0.251848,-0.335082
wp-calypso,1000,odasc_aio,21,-0.238632,-0.25274,-0.916775,-0.142565,-0.480707,-0.353987,-0.011207
wp-calypso,1000,odasc_aio,22,nan,nan,0,0,0,0,0
